id,name,company_id/id,inventory_line_id/location_id/id,inventory_line_id/product_id/id,inventory_line_id/product_uom/id,inventory_line_id/product_qty
Inv_01,Stock Inventory,base.main_company,stock.stock_location_stock,Pro_01,product.product_uom_unit,0
Inv_01,Stock Inventory,base.main_company,stock.stock_location_stock,Pro_02,product.product_uom_unit,372
Inv_01,Stock Inventory,base.main_company,stock.stock_location_stock,Pro_03,product.product_uom_unit,781
Inv_01,Stock Inventory,base.main_company,stock.stock_location_stock,Pro_04,product.product_uom_unit,493
Inv_01,Stock Inventory,base.main_company,stock.stock_location_stock,Pro_05,product.product_uom_unit,458
Inv_01,Stock Inventory,base.main_company,stock.stock_location_stock,Pro_06,product.product_uom_unit,103
Inv_01,Stock Inventory,base.main_company,stock.stock_location_stock,Pro_07,product.product_uom_unit,277
Inv_01,Stock Inventory,base.main_company,stock.stock_location_stock,Pro_08,product.product_uom_unit,406
Inv_01,Stock Inventory,base.main_company,stock.stock_location_stock,Pro_09,product.product_uom_unit,393
Inv_01,Stock Inventory,base.main_company,stock.stock_location_stock,Pro_10,product.product_uom_unit,0
Inv_01,Stock Inventory,base.main_company,stock.stock_location_stock,Pro_11,product.product_uom_unit,319
Inv_01,Stock Inventory,base.main_company,stock.stock_location_stock,Pro_12,product.product_uom_unit,283
Inv_01,Stock Inventory,base.main_company,stock.stock_location_stock,Pro_13,product.product_uom_unit,0
Inv_01,Stock Inventory,base.main_company,stock.stock_location_stock,Pro_14,product.product_uom_unit,0
Inv_01,Stock Inventory,base.main_company,stock.stock_location_stock,Pro_15,product.product_uom_unit,0
Inv_01,Stock Inventory,base.main_company,stock.stock_location_stock,Pro_16,product.product_uom_unit,0
Inv_01,Stock Inventory,base.main_company,stock.stock_location_stock,Pro_17,product.product_uom_unit,0
Inv_01,Stock Inventory,base.main_company,stock.stock_location_stock,Pro_18,product.product_uom_unit,390
Inv_01,Stock Inventory,base.main_company,stock.stock_location_stock,Pro_19,product.product_uom_unit,759
Inv_01,Stock Inventory,base.main_company,stock.stock_location_stock,Pro_20,product.product_uom_unit,366
Inv_01,Stock Inventory,base.main_company,stock.stock_location_stock,Pro_21,product.product_uom_unit,0
Inv_01,Stock Inventory,base.main_company,stock.stock_location_stock,Pro_22,product.product_uom_unit,562
Inv_01,Stock Inventory,base.main_company,stock.stock_location_stock,Pro_23,product.product_uom_unit,0
Inv_01,Stock Inventory,base.main_company,stock.stock_location_stock,Pro_24,product.product_uom_unit,0
Inv_01,Stock Inventory,base.main_company,stock.stock_location_stock,Pro_25,product.product_uom_unit,0
Inv_01,Stock Inventory,base.main_company,stock.stock_location_stock,Pro_26,product.product_uom_unit,0
Inv_01,Stock Inventory,base.main_company,stock.stock_location_stock,Pro_27,product.product_uom_unit,0
Inv_01,Stock Inventory,base.main_company,stock.stock_location_stock,Pro_28,product.product_uom_unit,0
Inv_01,Stock Inventory,base.main_company,stock.stock_location_stock,Pro_29,product.product_uom_unit,0
Inv_01,Stock Inventory,base.main_company,stock.stock_location_stock,Pro_30,product.product_uom_unit,0
Inv_01,Stock Inventory,base.main_company,stock.stock_location_stock,Pro_31,product.product_uom_unit,488
Inv_01,Stock Inventory,base.main_company,stock.stock_location_stock,Pro_32,product.product_uom_unit,0
Inv_01,Stock Inventory,base.main_company,stock.stock_location_stock,Pro_33,product.product_uom_unit,477
Inv_01,Stock Inventory,base.main_company,stock.stock_location_stock,Pro_34,product.product_uom_unit,0
Inv_01,Stock Inventory,base.main_company,stock.stock_location_stock,Pro_35,product.product_uom_unit,0
Inv_01,Stock Inventory,base.main_company,stock.stock_location_stock,Pro_36,product.product_uom_unit,89
Inv_01,Stock Inventory,base.main_company,stock.stock_location_stock,Pro_37,product.product_uom_unit,0
Inv_01,Stock Inventory,base.main_company,stock.stock_location_stock,Pro_38,product.product_uom_unit,349
Inv_01,Stock Inventory,base.main_company,stock.stock_location_stock,Pro_39,product.product_uom_unit,570
Inv_01,Stock Inventory,base.main_company,stock.stock_location_stock,Pro_40,product.product_uom_unit,309
Inv_01,Stock Inventory,base.main_company,stock.stock_location_stock,Pro_41,product.product_uom_unit,301
Inv_01,Stock Inventory,base.main_company,stock.stock_location_stock,Pro_42,product.product_uom_unit,0
Inv_01,Stock Inventory,base.main_company,stock.stock_location_stock,Pro_43,product.product_uom_unit,708
Inv_01,Stock Inventory,base.main_company,stock.stock_location_stock,Pro_44,product.product_uom_unit,664
Inv_01,Stock Inventory,base.main_company,stock.stock_location_stock,Pro_45,product.product_uom_unit,0
Inv_01,Stock Inventory,base.main_company,stock.stock_location_stock,Pro_46,product.product_uom_unit,0
Inv_01,Stock Inventory,base.main_company,stock.stock_location_stock,Pro_47,product.product_uom_unit,206
Inv_01,Stock Inventory,base.main_company,stock.stock_location_stock,Pro_48,product.product_uom_unit,77
Inv_01,Stock Inventory,base.main_company,stock.stock_location_stock,Pro_49,product.product_uom_unit,4
Inv_01,Stock Inventory,base.main_company,stock.stock_location_stock,Pro_50,product.product_uom_unit,0
Inv_01,Stock Inventory,base.main_company,stock.stock_location_stock,Pro_51,product.product_uom_unit,0
Inv_01,Stock Inventory,base.main_company,stock.stock_location_stock,Pro_52,product.product_uom_unit,0
Inv_01,Stock Inventory,base.main_company,stock.stock_location_stock,Pro_53,product.product_uom_unit,0
Inv_01,Stock Inventory,base.main_company,stock.stock_location_stock,Pro_54,product.product_uom_unit,0
Inv_01,Stock Inventory,base.main_company,stock.stock_location_stock,Pro_55,product.product_uom_unit,0
Inv_01,Stock Inventory,base.main_company,stock.stock_location_stock,Pro_56,product.product_uom_unit,0
Inv_01,Stock Inventory,base.main_company,stock.stock_location_stock,Pro_57,product.product_uom_unit,0
Inv_01,Stock Inventory,base.main_company,stock.stock_location_stock,Pro_58,product.product_uom_unit,0
Inv_01,Stock Inventory,base.main_company,stock.stock_location_stock,Pro_59,product.product_uom_unit,15
Inv_01,Stock Inventory,base.main_company,stock.stock_location_stock,Pro_60,product.product_uom_unit,2
Inv_01,Stock Inventory,base.main_company,stock.stock_location_stock,Pro_61,product.product_uom_unit,20
Inv_01,Stock Inventory,base.main_company,stock.stock_location_stock,Pro_62,product.product_uom_unit,52
Inv_01,Stock Inventory,base.main_company,stock.stock_location_stock,Pro_63,product.product_uom_unit,0
Inv_01,Stock Inventory,base.main_company,stock.stock_location_stock,Pro_64,product.product_uom_unit,0
Inv_01,Stock Inventory,base.main_company,stock.stock_location_stock,Pro_65,product.product_uom_unit,0
Inv_01,Stock Inventory,base.main_company,stock.stock_location_stock,Pro_66,product.product_uom_unit,0
Inv_01,Stock Inventory,base.main_company,stock.stock_location_stock,Pro_67,product.product_uom_unit,0
Inv_01,Stock Inventory,base.main_company,stock.stock_location_stock,Pro_68,product.product_uom_unit,0
Inv_01,Stock Inventory,base.main_company,stock.stock_location_stock,Pro_69,product.product_uom_unit,0
Inv_01,Stock Inventory,base.main_company,stock.stock_location_stock,Pro_70,product.product_uom_unit,0
Inv_01,Stock Inventory,base.main_company,stock.stock_location_stock,Pro_71,product.product_uom_unit,0
Inv_01,Stock Inventory,base.main_company,stock.stock_location_stock,Pro_72,product.product_uom_unit,0
Inv_01,Stock Inventory,base.main_company,stock.stock_location_stock,Pro_73,product.product_uom_unit,0
Inv_01,Stock Inventory,base.main_company,stock.stock_location_stock,Pro_74,product.product_uom_unit,0
Inv_01,Stock Inventory,base.main_company,stock.stock_location_stock,Pro_75,product.product_uom_unit,0
Inv_01,Stock Inventory,base.main_company,stock.stock_location_stock,Pro_76,product.product_uom_unit,0
Inv_01,Stock Inventory,base.main_company,stock.stock_location_stock,Pro_77,product.product_uom_unit,0
Inv_01,Stock Inventory,base.main_company,stock.stock_location_stock,Pro_78,product.product_uom_unit,6
Inv_01,Stock Inventory,base.main_company,stock.stock_location_stock,Pro_79,product.product_uom_unit,13
Inv_01,Stock Inventory,base.main_company,stock.stock_location_stock,Pro_80,product.product_uom_unit,2
Inv_01,Stock Inventory,base.main_company,stock.stock_location_stock,Pro_81,product.product_uom_unit,23
Inv_01,Stock Inventory,base.main_company,stock.stock_location_stock,Pro_82,product.product_uom_unit,4
Inv_01,Stock Inventory,base.main_company,stock.stock_location_stock,Pro_83,product.product_uom_unit,24
Inv_01,Stock Inventory,base.main_company,stock.stock_location_stock,Pro_84,product.product_uom_unit,15
Inv_01,Stock Inventory,base.main_company,stock.stock_location_stock,Pro_85,product.product_uom_unit,1
Inv_01,Stock Inventory,base.main_company,stock.stock_location_stock,Pro_86,product.product_uom_unit,29
Inv_01,Stock Inventory,base.main_company,stock.stock_location_stock,Pro_87,product.product_uom_unit,7
Inv_01,Stock Inventory,base.main_company,stock.stock_location_stock,Pro_88,product.product_uom_unit,2
Inv_01,Stock Inventory,base.main_company,stock.stock_location_stock,Pro_89,product.product_uom_unit,5
Inv_01,Stock Inventory,base.main_company,stock.stock_location_stock,Pro_90,product.product_uom_unit,5
Inv_01,Stock Inventory,base.main_company,stock.stock_location_stock,Pro_91,product.product_uom_unit,8
Inv_01,Stock Inventory,base.main_company,stock.stock_location_stock,Pro_92,product.product_uom_unit,10
Inv_01,Stock Inventory,base.main_company,stock.stock_location_stock,Pro_93,product.product_uom_unit,3
Inv_01,Stock Inventory,base.main_company,stock.stock_location_stock,Pro_94,product.product_uom_unit,9
Inv_01,Stock Inventory,base.main_company,stock.stock_location_stock,Pro_95,product.product_uom_unit,9
Inv_01,Stock Inventory,base.main_company,stock.stock_location_stock,Pro_96,product.product_uom_unit,5
Inv_01,Stock Inventory,base.main_company,stock.stock_location_stock,Pro_97,product.product_uom_unit,9
Inv_01,Stock Inventory,base.main_company,stock.stock_location_stock,Pro_98,product.product_uom_unit,5
Inv_01,Stock Inventory,base.main_company,stock.stock_location_stock,Pro_99,product.product_uom_unit,4
Inv_01,Stock Inventory,base.main_company,stock.stock_location_stock,Pro_100,product.product_uom_unit,0
Inv_01,Stock Inventory,base.main_company,stock.stock_location_stock,Pro_101,product.product_uom_unit,6
Inv_01,Stock Inventory,base.main_company,stock.stock_location_stock,Pro_102,product.product_uom_unit,0
Inv_01,Stock Inventory,base.main_company,stock.stock_location_stock,Pro_103,product.product_uom_unit,4
Inv_01,Stock Inventory,base.main_company,stock.stock_location_stock,Pro_104,product.product_uom_unit,29
Inv_01,Stock Inventory,base.main_company,stock.stock_location_stock,Pro_105,product.product_uom_unit,0
Inv_01,Stock Inventory,base.main_company,stock.stock_location_stock,Pro_106,product.product_uom_unit,39
Inv_01,Stock Inventory,base.main_company,stock.stock_location_stock,Pro_107,product.product_uom_unit,2
Inv_01,Stock Inventory,base.main_company,stock.stock_location_stock,Pro_108,product.product_uom_unit,0
Inv_01,Stock Inventory,base.main_company,stock.stock_location_stock,Pro_109,product.product_uom_unit,0
Inv_01,Stock Inventory,base.main_company,stock.stock_location_stock,Pro_110,product.product_uom_unit,0
Inv_01,Stock Inventory,base.main_company,stock.stock_location_stock,Pro_111,product.product_uom_unit,0
Inv_01,Stock Inventory,base.main_company,stock.stock_location_stock,Pro_112,product.product_uom_unit,0
Inv_01,Stock Inventory,base.main_company,stock.stock_location_stock,Pro_113,product.product_uom_unit,0
Inv_01,Stock Inventory,base.main_company,stock.stock_location_stock,Pro_114,product.product_uom_unit,0
Inv_01,Stock Inventory,base.main_company,stock.stock_location_stock,Pro_115,product.product_uom_unit,0
Inv_01,Stock Inventory,base.main_company,stock.stock_location_stock,Pro_116,product.product_uom_unit,0
Inv_01,Stock Inventory,base.main_company,stock.stock_location_stock,Pro_117,product.product_uom_unit,0
Inv_01,Stock Inventory,base.main_company,stock.stock_location_stock,Pro_118,product.product_uom_unit,0
Inv_01,Stock Inventory,base.main_company,stock.stock_location_stock,Pro_119,product.product_uom_unit,0
Inv_01,Stock Inventory,base.main_company,stock.stock_location_stock,Pro_120,product.product_uom_unit,0
Inv_01,Stock Inventory,base.main_company,stock.stock_location_stock,Pro_121,product.product_uom_unit,100
Inv_01,Stock Inventory,base.main_company,stock.stock_location_stock,Pro_122,product.product_uom_unit,0
Inv_01,Stock Inventory,base.main_company,stock.stock_location_stock,Pro_123,product.product_uom_unit,17
Inv_01,Stock Inventory,base.main_company,stock.stock_location_stock,Pro_124,product.product_uom_unit,48
Inv_01,Stock Inventory,base.main_company,stock.stock_location_stock,Pro_125,product.product_uom_unit,26
Inv_01,Stock Inventory,base.main_company,stock.stock_location_stock,Pro_126,product.product_uom_unit,12
Inv_01,Stock Inventory,base.main_company,stock.stock_location_stock,Pro_127,product.product_uom_unit,0
Inv_01,Stock Inventory,base.main_company,stock.stock_location_stock,Pro_128,product.product_uom_unit,0
Inv_01,Stock Inventory,base.main_company,stock.stock_location_stock,Pro_129,product.product_uom_unit,0
Inv_01,Stock Inventory,base.main_company,stock.stock_location_stock,Pro_130,product.product_uom_unit,0
Inv_01,Stock Inventory,base.main_company,stock.stock_location_stock,Pro_131,product.product_uom_unit,0
Inv_01,Stock Inventory,base.main_company,stock.stock_location_stock,Pro_132,product.product_uom_unit,0
Inv_01,Stock Inventory,base.main_company,stock.stock_location_stock,Pro_133,product.product_uom_unit,117
Inv_01,Stock Inventory,base.main_company,stock.stock_location_stock,Pro_134,product.product_uom_unit,0
Inv_01,Stock Inventory,base.main_company,stock.stock_location_stock,Pro_135,product.product_uom_unit,0
Inv_01,Stock Inventory,base.main_company,stock.stock_location_stock,Pro_136,product.product_uom_unit,0
Inv_01,Stock Inventory,base.main_company,stock.stock_location_stock,Pro_137,product.product_uom_unit,0
Inv_01,Stock Inventory,base.main_company,stock.stock_location_stock,Pro_138,product.product_uom_unit,3
Inv_01,Stock Inventory,base.main_company,stock.stock_location_stock,Pro_139,product.product_uom_unit,0
Inv_01,Stock Inventory,base.main_company,stock.stock_location_stock,Pro_140,product.product_uom_unit,0
Inv_01,Stock Inventory,base.main_company,stock.stock_location_stock,Pro_141,product.product_uom_unit,90
Inv_01,Stock Inventory,base.main_company,stock.stock_location_stock,Pro_142,product.product_uom_unit,169
Inv_01,Stock Inventory,base.main_company,stock.stock_location_stock,Pro_143,product.product_uom_unit,0
Inv_01,Stock Inventory,base.main_company,stock.stock_location_stock,Pro_144,product.product_uom_unit,0
Inv_01,Stock Inventory,base.main_company,stock.stock_location_stock,Pro_145,product.product_uom_unit,174
Inv_01,Stock Inventory,base.main_company,stock.stock_location_stock,Pro_146,product.product_uom_unit,137
Inv_01,Stock Inventory,base.main_company,stock.stock_location_stock,Pro_147,product.product_uom_unit,0
Inv_01,Stock Inventory,base.main_company,stock.stock_location_stock,Pro_148,product.product_uom_unit,0
Inv_01,Stock Inventory,base.main_company,stock.stock_location_stock,Pro_149,product.product_uom_unit,0
Inv_01,Stock Inventory,base.main_company,stock.stock_location_stock,Pro_150,product.product_uom_unit,70
Inv_01,Stock Inventory,base.main_company,stock.stock_location_stock,Pro_151,product.product_uom_unit,0
Inv_01,Stock Inventory,base.main_company,stock.stock_location_stock,Pro_152,product.product_uom_unit,0
Inv_01,Stock Inventory,base.main_company,stock.stock_location_stock,Pro_153,product.product_uom_unit,0
Inv_01,Stock Inventory,base.main_company,stock.stock_location_stock,Pro_154,product.product_uom_unit,451
Inv_01,Stock Inventory,base.main_company,stock.stock_location_stock,Pro_155,product.product_uom_unit,0
Inv_01,Stock Inventory,base.main_company,stock.stock_location_stock,Pro_156,product.product_uom_unit,0
Inv_01,Stock Inventory,base.main_company,stock.stock_location_stock,Pro_157,product.product_uom_unit,0
Inv_01,Stock Inventory,base.main_company,stock.stock_location_stock,Pro_158,product.product_uom_unit,10
Inv_01,Stock Inventory,base.main_company,stock.stock_location_stock,Pro_159,product.product_uom_unit,0
Inv_01,Stock Inventory,base.main_company,stock.stock_location_stock,Pro_160,product.product_uom_unit,0
Inv_01,Stock Inventory,base.main_company,stock.stock_location_stock,Pro_161,product.product_uom_unit,0
Inv_01,Stock Inventory,base.main_company,stock.stock_location_stock,Pro_162,product.product_uom_unit,0
Inv_01,Stock Inventory,base.main_company,stock.stock_location_stock,Pro_163,product.product_uom_unit,0
Inv_01,Stock Inventory,base.main_company,stock.stock_location_stock,Pro_164,product.product_uom_unit,0
Inv_01,Stock Inventory,base.main_company,stock.stock_location_stock,Pro_165,product.product_uom_unit,0
Inv_01,Stock Inventory,base.main_company,stock.stock_location_stock,Pro_166,product.product_uom_unit,0
Inv_01,Stock Inventory,base.main_company,stock.stock_location_stock,Pro_167,product.product_uom_unit,0
Inv_01,Stock Inventory,base.main_company,stock.stock_location_stock,Pro_168,product.product_uom_unit,0
Inv_01,Stock Inventory,base.main_company,stock.stock_location_stock,Pro_169,product.product_uom_unit,0
Inv_01,Stock Inventory,base.main_company,stock.stock_location_stock,Pro_170,product.product_uom_unit,0
Inv_01,Stock Inventory,base.main_company,stock.stock_location_stock,Pro_171,product.product_uom_unit,0
Inv_01,Stock Inventory,base.main_company,stock.stock_location_stock,Pro_172,product.product_uom_unit,0
Inv_01,Stock Inventory,base.main_company,stock.stock_location_stock,Pro_173,product.product_uom_unit,0
Inv_01,Stock Inventory,base.main_company,stock.stock_location_stock,Pro_174,product.product_uom_unit,7
Inv_01,Stock Inventory,base.main_company,stock.stock_location_stock,Pro_175,product.product_uom_unit,0
Inv_01,Stock Inventory,base.main_company,stock.stock_location_stock,Pro_176,product.product_uom_unit,0
Inv_01,Stock Inventory,base.main_company,stock.stock_location_stock,Pro_177,product.product_uom_unit,0
Inv_01,Stock Inventory,base.main_company,stock.stock_location_stock,Pro_178,product.product_uom_unit,0
Inv_01,Stock Inventory,base.main_company,stock.stock_location_stock,Pro_179,product.product_uom_unit,0
Inv_01,Stock Inventory,base.main_company,stock.stock_location_stock,Pro_180,product.product_uom_unit,0
Inv_01,Stock Inventory,base.main_company,stock.stock_location_stock,Pro_181,product.product_uom_unit,2
Inv_01,Stock Inventory,base.main_company,stock.stock_location_stock,Pro_182,product.product_uom_unit,0
Inv_01,Stock Inventory,base.main_company,stock.stock_location_stock,Pro_183,product.product_uom_unit,0
Inv_01,Stock Inventory,base.main_company,stock.stock_location_stock,Pro_184,product.product_uom_unit,0
Inv_01,Stock Inventory,base.main_company,stock.stock_location_stock,Pro_185,product.product_uom_unit,0
Inv_01,Stock Inventory,base.main_company,stock.stock_location_stock,Pro_186,product.product_uom_unit,0
Inv_01,Stock Inventory,base.main_company,stock.stock_location_stock,Pro_187,product.product_uom_unit,7
Inv_01,Stock Inventory,base.main_company,stock.stock_location_stock,Pro_188,product.product_uom_unit,8
Inv_01,Stock Inventory,base.main_company,stock.stock_location_stock,Pro_189,product.product_uom_unit,0
Inv_01,Stock Inventory,base.main_company,stock.stock_location_stock,Pro_190,product.product_uom_unit,7
Inv_01,Stock Inventory,base.main_company,stock.stock_location_stock,Pro_191,product.product_uom_unit,3
Inv_01,Stock Inventory,base.main_company,stock.stock_location_stock,Pro_192,product.product_uom_unit,5
Inv_01,Stock Inventory,base.main_company,stock.stock_location_stock,Pro_193,product.product_uom_unit,2
Inv_01,Stock Inventory,base.main_company,stock.stock_location_stock,Pro_194,product.product_uom_unit,3
Inv_01,Stock Inventory,base.main_company,stock.stock_location_stock,Pro_195,product.product_uom_unit,1
Inv_01,Stock Inventory,base.main_company,stock.stock_location_stock,Pro_196,product.product_uom_unit,14
Inv_01,Stock Inventory,base.main_company,stock.stock_location_stock,Pro_197,product.product_uom_unit,10
Inv_01,Stock Inventory,base.main_company,stock.stock_location_stock,Pro_198,product.product_uom_unit,11
Inv_01,Stock Inventory,base.main_company,stock.stock_location_stock,Pro_199,product.product_uom_unit,11
Inv_01,Stock Inventory,base.main_company,stock.stock_location_stock,Pro_200,product.product_uom_unit,4
Inv_01,Stock Inventory,base.main_company,stock.stock_location_stock,Pro_201,product.product_uom_unit,17
Inv_01,Stock Inventory,base.main_company,stock.stock_location_stock,Pro_202,product.product_uom_unit,7
Inv_01,Stock Inventory,base.main_company,stock.stock_location_stock,Pro_203,product.product_uom_unit,3
Inv_01,Stock Inventory,base.main_company,stock.stock_location_stock,Pro_204,product.product_uom_unit,14
Inv_01,Stock Inventory,base.main_company,stock.stock_location_stock,Pro_205,product.product_uom_unit,9
Inv_01,Stock Inventory,base.main_company,stock.stock_location_stock,Pro_206,product.product_uom_unit,0
Inv_01,Stock Inventory,base.main_company,stock.stock_location_stock,Pro_207,product.product_uom_unit,26
Inv_01,Stock Inventory,base.main_company,stock.stock_location_stock,Pro_208,product.product_uom_unit,28
Inv_01,Stock Inventory,base.main_company,stock.stock_location_stock,Pro_209,product.product_uom_unit,35
Inv_01,Stock Inventory,base.main_company,stock.stock_location_stock,Pro_210,product.product_uom_unit,9
Inv_01,Stock Inventory,base.main_company,stock.stock_location_stock,Pro_211,product.product_uom_unit,0
Inv_01,Stock Inventory,base.main_company,stock.stock_location_stock,Pro_212,product.product_uom_unit,0
Inv_01,Stock Inventory,base.main_company,stock.stock_location_stock,Pro_213,product.product_uom_unit,0
Inv_01,Stock Inventory,base.main_company,stock.stock_location_stock,Pro_214,product.product_uom_unit,0
Inv_01,Stock Inventory,base.main_company,stock.stock_location_stock,Pro_215,product.product_uom_unit,0
Inv_01,Stock Inventory,base.main_company,stock.stock_location_stock,Pro_216,product.product_uom_unit,0
Inv_01,Stock Inventory,base.main_company,stock.stock_location_stock,Pro_217,product.product_uom_unit,0
Inv_01,Stock Inventory,base.main_company,stock.stock_location_stock,Pro_218,product.product_uom_unit,0
Inv_01,Stock Inventory,base.main_company,stock.stock_location_stock,Pro_219,product.product_uom_unit,0
Inv_01,Stock Inventory,base.main_company,stock.stock_location_stock,Pro_220,product.product_uom_unit,0
Inv_01,Stock Inventory,base.main_company,stock.stock_location_stock,Pro_221,product.product_uom_unit,0
Inv_01,Stock Inventory,base.main_company,stock.stock_location_stock,Pro_222,product.product_uom_unit,154
Inv_01,Stock Inventory,base.main_company,stock.stock_location_stock,Pro_223,product.product_uom_unit,0
Inv_01,Stock Inventory,base.main_company,stock.stock_location_stock,Pro_224,product.product_uom_unit,0
Inv_01,Stock Inventory,base.main_company,stock.stock_location_stock,Pro_225,product.product_uom_unit,0
Inv_01,Stock Inventory,base.main_company,stock.stock_location_stock,Pro_226,product.product_uom_unit,0
Inv_01,Stock Inventory,base.main_company,stock.stock_location_stock,Pro_227,product.product_uom_unit,0
Inv_01,Stock Inventory,base.main_company,stock.stock_location_stock,Pro_228,product.product_uom_unit,0
Inv_01,Stock Inventory,base.main_company,stock.stock_location_stock,Pro_229,product.product_uom_unit,0
Inv_01,Stock Inventory,base.main_company,stock.stock_location_stock,Pro_230,product.product_uom_unit,0
Inv_01,Stock Inventory,base.main_company,stock.stock_location_stock,Pro_231,product.product_uom_unit,0
Inv_01,Stock Inventory,base.main_company,stock.stock_location_stock,Pro_232,product.product_uom_unit,0
Inv_01,Stock Inventory,base.main_company,stock.stock_location_stock,Pro_233,product.product_uom_unit,0
Inv_01,Stock Inventory,base.main_company,stock.stock_location_stock,Pro_234,product.product_uom_unit,0
Inv_01,Stock Inventory,base.main_company,stock.stock_location_stock,Pro_235,product.product_uom_unit,13
Inv_01,Stock Inventory,base.main_company,stock.stock_location_stock,Pro_236,product.product_uom_unit,0
Inv_01,Stock Inventory,base.main_company,stock.stock_location_stock,Pro_237,product.product_uom_unit,2452
Inv_01,Stock Inventory,base.main_company,stock.stock_location_stock,Pro_238,product.product_uom_unit,2403
Inv_01,Stock Inventory,base.main_company,stock.stock_location_stock,Pro_239,product.product_uom_unit,286
Inv_01,Stock Inventory,base.main_company,stock.stock_location_stock,Pro_240,product.product_uom_unit,579
Inv_01,Stock Inventory,base.main_company,stock.stock_location_stock,Pro_241,product.product_uom_unit,296
Inv_01,Stock Inventory,base.main_company,stock.stock_location_stock,Pro_242,product.product_uom_unit,139
Inv_01,Stock Inventory,base.main_company,stock.stock_location_stock,Pro_243,product.product_uom_unit,0
Inv_01,Stock Inventory,base.main_company,stock.stock_location_stock,Pro_244,product.product_uom_unit,0
Inv_01,Stock Inventory,base.main_company,stock.stock_location_stock,Pro_245,product.product_uom_unit,0
Inv_01,Stock Inventory,base.main_company,stock.stock_location_stock,Pro_246,product.product_uom_unit,0
Inv_01,Stock Inventory,base.main_company,stock.stock_location_stock,Pro_247,product.product_uom_unit,0
Inv_01,Stock Inventory,base.main_company,stock.stock_location_stock,Pro_248,product.product_uom_unit,27
Inv_01,Stock Inventory,base.main_company,stock.stock_location_stock,Pro_249,product.product_uom_unit,16
Inv_01,Stock Inventory,base.main_company,stock.stock_location_stock,Pro_250,product.product_uom_unit,1
Inv_01,Stock Inventory,base.main_company,stock.stock_location_stock,Pro_251,product.product_uom_unit,8
Inv_01,Stock Inventory,base.main_company,stock.stock_location_stock,Pro_252,product.product_uom_unit,8
Inv_01,Stock Inventory,base.main_company,stock.stock_location_stock,Pro_253,product.product_uom_unit,18
Inv_01,Stock Inventory,base.main_company,stock.stock_location_stock,Pro_254,product.product_uom_unit,8
Inv_01,Stock Inventory,base.main_company,stock.stock_location_stock,Pro_255,product.product_uom_unit,12
Inv_01,Stock Inventory,base.main_company,stock.stock_location_stock,Pro_256,product.product_uom_unit,2
Inv_01,Stock Inventory,base.main_company,stock.stock_location_stock,Pro_257,product.product_uom_unit,4
Inv_01,Stock Inventory,base.main_company,stock.stock_location_stock,Pro_258,product.product_uom_unit,4.5
Inv_01,Stock Inventory,base.main_company,stock.stock_location_stock,Pro_259,product.product_uom_unit,6
Inv_01,Stock Inventory,base.main_company,stock.stock_location_stock,Pro_260,product.product_uom_unit,1
Inv_01,Stock Inventory,base.main_company,stock.stock_location_stock,Pro_261,product.product_uom_unit,1
Inv_01,Stock Inventory,base.main_company,stock.stock_location_stock,Pro_262,product.product_uom_unit,24
Inv_01,Stock Inventory,base.main_company,stock.stock_location_stock,Pro_263,product.product_uom_unit,50
Inv_01,Stock Inventory,base.main_company,stock.stock_location_stock,Pro_264,product.product_uom_unit,20
Inv_01,Stock Inventory,base.main_company,stock.stock_location_stock,Pro_265,product.product_uom_unit,84
Inv_01,Stock Inventory,base.main_company,stock.stock_location_stock,Pro_266,product.product_uom_unit,69
Inv_01,Stock Inventory,base.main_company,stock.stock_location_stock,Pro_267,product.product_uom_unit,19
Inv_01,Stock Inventory,base.main_company,stock.stock_location_stock,Pro_268,product.product_uom_unit,88
Inv_01,Stock Inventory,base.main_company,stock.stock_location_stock,Pro_269,product.product_uom_unit,20
Inv_01,Stock Inventory,base.main_company,stock.stock_location_stock,Pro_270,product.product_uom_unit,13
Inv_01,Stock Inventory,base.main_company,stock.stock_location_stock,Pro_271,product.product_uom_unit,90
Inv_01,Stock Inventory,base.main_company,stock.stock_location_stock,Pro_272,product.product_uom_unit,1
Inv_01,Stock Inventory,base.main_company,stock.stock_location_stock,Pro_273,product.product_uom_unit,1
Inv_01,Stock Inventory,base.main_company,stock.stock_location_stock,Pro_274,product.product_uom_unit,1
Inv_01,Stock Inventory,base.main_company,stock.stock_location_stock,Pro_275,product.product_uom_unit,1
Inv_01,Stock Inventory,base.main_company,stock.stock_location_stock,Pro_276,product.product_uom_unit,1
Inv_01,Stock Inventory,base.main_company,stock.stock_location_stock,Pro_277,product.product_uom_unit,1
Inv_01,Stock Inventory,base.main_company,stock.stock_location_stock,Pro_278,product.product_uom_unit,1
Inv_01,Stock Inventory,base.main_company,stock.stock_location_stock,Pro_279,product.product_uom_unit,1
Inv_01,Stock Inventory,base.main_company,stock.stock_location_stock,Pro_280,product.product_uom_unit,1
Inv_01,Stock Inventory,base.main_company,stock.stock_location_stock,Pro_281,product.product_uom_unit,1
Inv_01,Stock Inventory,base.main_company,stock.stock_location_stock,Pro_282,product.product_uom_unit,1
Inv_01,Stock Inventory,base.main_company,stock.stock_location_stock,Pro_283,product.product_uom_unit,1
Inv_01,Stock Inventory,base.main_company,stock.stock_location_stock,Pro_284,product.product_uom_unit,1
Inv_01,Stock Inventory,base.main_company,stock.stock_location_stock,Pro_285,product.product_uom_unit,1
Inv_01,Stock Inventory,base.main_company,stock.stock_location_stock,Pro_286,product.product_uom_unit,1
Inv_01,Stock Inventory,base.main_company,stock.stock_location_stock,Pro_287,product.product_uom_unit,1
Inv_01,Stock Inventory,base.main_company,stock.stock_location_stock,Pro_288,product.product_uom_unit,1
Inv_01,Stock Inventory,base.main_company,stock.stock_location_stock,Pro_289,product.product_uom_unit,1
Inv_01,Stock Inventory,base.main_company,stock.stock_location_stock,Pro_290,product.product_uom_unit,1
Inv_01,Stock Inventory,base.main_company,stock.stock_location_stock,Pro_291,product.product_uom_unit,1
Inv_01,Stock Inventory,base.main_company,stock.stock_location_stock,Pro_292,product.product_uom_unit,1
Inv_01,Stock Inventory,base.main_company,stock.stock_location_stock,Pro_293,product.product_uom_unit,1
Inv_01,Stock Inventory,base.main_company,stock.stock_location_stock,Pro_294,product.product_uom_unit,1
Inv_01,Stock Inventory,base.main_company,stock.stock_location_stock,Pro_295,product.product_uom_unit,1
Inv_01,Stock Inventory,base.main_company,stock.stock_location_stock,Pro_296,product.product_uom_unit,1
Inv_01,Stock Inventory,base.main_company,stock.stock_location_stock,Pro_297,product.product_uom_unit,1
Inv_01,Stock Inventory,base.main_company,stock.stock_location_stock,Pro_298,product.product_uom_unit,1
Inv_01,Stock Inventory,base.main_company,stock.stock_location_stock,Pro_299,product.product_uom_unit,1
Inv_01,Stock Inventory,base.main_company,stock.stock_location_stock,Pro_300,product.product_uom_unit,5
Inv_01,Stock Inventory,base.main_company,stock.stock_location_stock,Pro_301,product.product_uom_unit,1
Inv_01,Stock Inventory,base.main_company,stock.stock_location_stock,Pro_302,product.product_uom_unit,2
Inv_01,Stock Inventory,base.main_company,stock.stock_location_stock,Pro_303,product.product_uom_unit,11
Inv_01,Stock Inventory,base.main_company,stock.stock_location_stock,Pro_304,product.product_uom_unit,2
Inv_01,Stock Inventory,base.main_company,stock.stock_location_stock,Pro_305,product.product_uom_unit,2
Inv_01,Stock Inventory,base.main_company,stock.stock_location_stock,Pro_306,product.product_uom_unit,3
Inv_01,Stock Inventory,base.main_company,stock.stock_location_stock,Pro_307,product.product_uom_unit,30
Inv_01,Stock Inventory,base.main_company,stock.stock_location_stock,Pro_308,product.product_uom_unit,500
Inv_01,Stock Inventory,base.main_company,stock.stock_location_stock,Pro_309,product.product_uom_unit,200
Inv_01,Stock Inventory,base.main_company,stock.stock_location_stock,Pro_310,product.product_uom_unit,56
Inv_01,Stock Inventory,base.main_company,stock.stock_location_stock,Pro_311,product.product_uom_unit,99
Inv_01,Stock Inventory,base.main_company,stock.stock_location_stock,Pro_312,product.product_uom_unit,100
Inv_01,Stock Inventory,base.main_company,stock.stock_location_stock,Pro_313,product.product_uom_unit,302
Inv_01,Stock Inventory,base.main_company,stock.stock_location_stock,Pro_314,product.product_uom_unit,20
Inv_01,Stock Inventory,base.main_company,stock.stock_location_stock,Pro_315,product.product_uom_unit,120
Inv_01,Stock Inventory,base.main_company,stock.stock_location_stock,Pro_316,product.product_uom_unit,108
Inv_01,Stock Inventory,base.main_company,stock.stock_location_stock,Pro_317,product.product_uom_unit,200
Inv_01,Stock Inventory,base.main_company,stock.stock_location_stock,Pro_318,product.product_uom_unit,62
Inv_01,Stock Inventory,base.main_company,stock.stock_location_stock,Pro_319,product.product_uom_unit,25
Inv_01,Stock Inventory,base.main_company,stock.stock_location_stock,Pro_320,product.product_uom_unit,75
Inv_01,Stock Inventory,base.main_company,stock.stock_location_stock,Pro_321,product.product_uom_unit,28
Inv_01,Stock Inventory,base.main_company,stock.stock_location_stock,Pro_322,product.product_uom_unit,1
Inv_01,Stock Inventory,base.main_company,stock.stock_location_stock,Pro_323,product.product_uom_unit,51
Inv_01,Stock Inventory,base.main_company,stock.stock_location_stock,Pro_324,product.product_uom_unit,140
Inv_01,Stock Inventory,base.main_company,stock.stock_location_stock,Pro_325,product.product_uom_unit,72
Inv_01,Stock Inventory,base.main_company,stock.stock_location_stock,Pro_326,product.product_uom_unit,35
Inv_01,Stock Inventory,base.main_company,stock.stock_location_stock,Pro_327,product.product_uom_unit,580
Inv_01,Stock Inventory,base.main_company,stock.stock_location_stock,Pro_328,product.product_uom_unit,249
Inv_01,Stock Inventory,base.main_company,stock.stock_location_stock,Pro_329,product.product_uom_unit,10
Inv_01,Stock Inventory,base.main_company,stock.stock_location_stock,Pro_330,product.product_uom_unit,6
Inv_01,Stock Inventory,base.main_company,stock.stock_location_stock,Pro_331,product.product_uom_unit,1
Inv_01,Stock Inventory,base.main_company,stock.stock_location_stock,Pro_332,product.product_uom_unit,8
Inv_01,Stock Inventory,base.main_company,stock.stock_location_stock,Pro_333,product.product_uom_unit,1
Inv_01,Stock Inventory,base.main_company,stock.stock_location_stock,Pro_334,product.product_uom_unit,4
Inv_01,Stock Inventory,base.main_company,stock.stock_location_stock,Pro_335,product.product_uom_unit,1
Inv_01,Stock Inventory,base.main_company,stock.stock_location_stock,Pro_336,product.product_uom_unit,6
Inv_01,Stock Inventory,base.main_company,stock.stock_location_stock,Pro_337,product.product_uom_unit,5
Inv_01,Stock Inventory,base.main_company,stock.stock_location_stock,Pro_338,product.product_uom_unit,7
Inv_01,Stock Inventory,base.main_company,stock.stock_location_stock,Pro_339,product.product_uom_unit,2
Inv_01,Stock Inventory,base.main_company,stock.stock_location_stock,Pro_340,product.product_uom_unit,7
Inv_01,Stock Inventory,base.main_company,stock.stock_location_stock,Pro_341,product.product_uom_unit,4
Inv_01,Stock Inventory,base.main_company,stock.stock_location_stock,Pro_342,product.product_uom_unit,4
Inv_01,Stock Inventory,base.main_company,stock.stock_location_stock,Pro_343,product.product_uom_unit,3
Inv_01,Stock Inventory,base.main_company,stock.stock_location_stock,Pro_344,product.product_uom_unit,1
Inv_01,Stock Inventory,base.main_company,stock.stock_location_stock,Pro_345,product.product_uom_unit,4
Inv_01,Stock Inventory,base.main_company,stock.stock_location_stock,Pro_346,product.product_uom_unit,3
Inv_01,Stock Inventory,base.main_company,stock.stock_location_stock,Pro_347,product.product_uom_unit,1000
Inv_01,Stock Inventory,base.main_company,stock.stock_location_stock,Pro_348,product.product_uom_unit,3500
Inv_01,Stock Inventory,base.main_company,stock.stock_location_stock,Pro_349,product.product_uom_unit,2000
Inv_01,Stock Inventory,base.main_company,stock.stock_location_stock,Pro_350,product.product_uom_unit,1500
Inv_01,Stock Inventory,base.main_company,stock.stock_location_stock,Pro_351,product.product_uom_unit,5500
Inv_01,Stock Inventory,base.main_company,stock.stock_location_stock,Pro_352,product.product_uom_unit,2500
Inv_01,Stock Inventory,base.main_company,stock.stock_location_stock,Pro_353,product.product_uom_unit,500
Inv_01,Stock Inventory,base.main_company,stock.stock_location_stock,Pro_354,product.product_uom_unit,500
Inv_01,Stock Inventory,base.main_company,stock.stock_location_stock,Pro_355,product.product_uom_unit,500
Inv_01,Stock Inventory,base.main_company,stock.stock_location_stock,Pro_356,product.product_uom_unit,500
Inv_01,Stock Inventory,base.main_company,stock.stock_location_stock,Pro_357,product.product_uom_unit,1
Inv_01,Stock Inventory,base.main_company,stock.stock_location_stock,Pro_358,product.product_uom_unit,1
Inv_01,Stock Inventory,base.main_company,stock.stock_location_stock,Pro_359,product.product_uom_unit,2
Inv_01,Stock Inventory,base.main_company,stock.stock_location_stock,Pro_360,product.product_uom_unit,2
Inv_01,Stock Inventory,base.main_company,stock.stock_location_stock,Pro_361,product.product_uom_unit,1
Inv_01,Stock Inventory,base.main_company,stock.stock_location_stock,Pro_362,product.product_uom_unit,3
Inv_01,Stock Inventory,base.main_company,stock.stock_location_stock,Pro_363,product.product_uom_unit,2
Inv_01,Stock Inventory,base.main_company,stock.stock_location_stock,Pro_364,product.product_uom_unit,1
Inv_01,Stock Inventory,base.main_company,stock.stock_location_stock,Pro_365,product.product_uom_unit,4
Inv_01,Stock Inventory,base.main_company,stock.stock_location_stock,Pro_366,product.product_uom_unit,3
Inv_01,Stock Inventory,base.main_company,stock.stock_location_stock,Pro_367,product.product_uom_unit,17
Inv_01,Stock Inventory,base.main_company,stock.stock_location_stock,Pro_368,product.product_uom_unit,2
Inv_01,Stock Inventory,base.main_company,stock.stock_location_stock,Pro_369,product.product_uom_unit,1
Inv_01,Stock Inventory,base.main_company,stock.stock_location_stock,Pro_370,product.product_uom_unit,1
Inv_01,Stock Inventory,base.main_company,stock.stock_location_stock,Pro_371,product.product_uom_unit,66
Inv_01,Stock Inventory,base.main_company,stock.stock_location_stock,Pro_372,product.product_uom_unit,22
Inv_01,Stock Inventory,base.main_company,stock.stock_location_stock,Pro_373,product.product_uom_unit,1
Inv_01,Stock Inventory,base.main_company,stock.stock_location_stock,Pro_374,product.product_uom_unit,1
Inv_01,Stock Inventory,base.main_company,stock.stock_location_stock,Pro_375,product.product_uom_unit,1
Inv_01,Stock Inventory,base.main_company,stock.stock_location_stock,Pro_376,product.product_uom_unit,3
Inv_01,Stock Inventory,base.main_company,stock.stock_location_stock,Pro_377,product.product_uom_unit,3
Inv_01,Stock Inventory,base.main_company,stock.stock_location_stock,Pro_378,product.product_uom_unit,1
Inv_01,Stock Inventory,base.main_company,stock.stock_location_stock,Pro_379,product.product_uom_unit,2
Inv_01,Stock Inventory,base.main_company,stock.stock_location_stock,Pro_380,product.product_uom_unit,3
Inv_01,Stock Inventory,base.main_company,stock.stock_location_stock,Pro_381,product.product_uom_unit,3
Inv_01,Stock Inventory,base.main_company,stock.stock_location_stock,Pro_382,product.product_uom_unit,1
Inv_01,Stock Inventory,base.main_company,stock.stock_location_stock,Pro_383,product.product_uom_unit,4
Inv_01,Stock Inventory,base.main_company,stock.stock_location_stock,Pro_384,product.product_uom_unit,5
Inv_01,Stock Inventory,base.main_company,stock.stock_location_stock,Pro_385,product.product_uom_unit,2
Inv_01,Stock Inventory,base.main_company,stock.stock_location_stock,Pro_386,product.product_uom_unit,1
Inv_01,Stock Inventory,base.main_company,stock.stock_location_stock,Pro_387,product.product_uom_unit,5
Inv_01,Stock Inventory,base.main_company,stock.stock_location_stock,Pro_388,product.product_uom_unit,5
Inv_01,Stock Inventory,base.main_company,stock.stock_location_stock,Pro_389,product.product_uom_unit,40
Inv_01,Stock Inventory,base.main_company,stock.stock_location_stock,Pro_390,product.product_uom_unit,9
Inv_01,Stock Inventory,base.main_company,stock.stock_location_stock,Pro_391,product.product_uom_unit,9
Inv_01,Stock Inventory,base.main_company,stock.stock_location_stock,Pro_392,product.product_uom_unit,6
Inv_01,Stock Inventory,base.main_company,stock.stock_location_stock,Pro_393,product.product_uom_unit,10
Inv_01,Stock Inventory,base.main_company,stock.stock_location_stock,Pro_394,product.product_uom_unit,2
Inv_01,Stock Inventory,base.main_company,stock.stock_location_stock,Pro_395,product.product_uom_unit,1
Inv_01,Stock Inventory,base.main_company,stock.stock_location_stock,Pro_396,product.product_uom_unit,6
Inv_01,Stock Inventory,base.main_company,stock.stock_location_stock,Pro_397,product.product_uom_unit,1
Inv_01,Stock Inventory,base.main_company,stock.stock_location_stock,Pro_398,product.product_uom_unit,1
Inv_01,Stock Inventory,base.main_company,stock.stock_location_stock,Pro_399,product.product_uom_unit,1
Inv_01,Stock Inventory,base.main_company,stock.stock_location_stock,Pro_400,product.product_uom_unit,43
Inv_01,Stock Inventory,base.main_company,stock.stock_location_stock,Pro_401,product.product_uom_unit,1
Inv_01,Stock Inventory,base.main_company,stock.stock_location_stock,Pro_402,product.product_uom_unit,7
Inv_01,Stock Inventory,base.main_company,stock.stock_location_stock,Pro_403,product.product_uom_unit,40
Inv_01,Stock Inventory,base.main_company,stock.stock_location_stock,Pro_404,product.product_uom_unit,18
Inv_01,Stock Inventory,base.main_company,stock.stock_location_stock,Pro_405,product.product_uom_unit,12
Inv_01,Stock Inventory,base.main_company,stock.stock_location_stock,Pro_406,product.product_uom_unit,26
Inv_01,Stock Inventory,base.main_company,stock.stock_location_stock,Pro_407,product.product_uom_unit,1136
Inv_01,Stock Inventory,base.main_company,stock.stock_location_stock,Pro_408,product.product_uom_unit,900
Inv_01,Stock Inventory,base.main_company,stock.stock_location_stock,Pro_409,product.product_uom_unit,10000
Inv_01,Stock Inventory,base.main_company,stock.stock_location_stock,Pro_410,product.product_uom_unit,3000
Inv_01,Stock Inventory,base.main_company,stock.stock_location_stock,Pro_411,product.product_uom_unit,2000
Inv_01,Stock Inventory,base.main_company,stock.stock_location_stock,Pro_412,product.product_uom_unit,4000
Inv_01,Stock Inventory,base.main_company,stock.stock_location_stock,Pro_413,product.product_uom_unit,10000
Inv_01,Stock Inventory,base.main_company,stock.stock_location_stock,Pro_414,product.product_uom_unit,200
Inv_01,Stock Inventory,base.main_company,stock.stock_location_stock,Pro_415,product.product_uom_unit,7200
Inv_01,Stock Inventory,base.main_company,stock.stock_location_stock,Pro_416,product.product_uom_unit,5
Inv_01,Stock Inventory,base.main_company,stock.stock_location_stock,Pro_417,product.product_uom_unit,7200
Inv_01,Stock Inventory,base.main_company,stock.stock_location_stock,Pro_418,product.product_uom_unit,2500
Inv_01,Stock Inventory,base.main_company,stock.stock_location_stock,Pro_419,product.product_uom_unit,6
Inv_01,Stock Inventory,base.main_company,stock.stock_location_stock,Pro_420,product.product_uom_unit,20
Inv_01,Stock Inventory,base.main_company,stock.stock_location_stock,Pro_421,product.product_uom_unit,20
Inv_01,Stock Inventory,base.main_company,stock.stock_location_stock,Pro_422,product.product_uom_unit,20
Inv_01,Stock Inventory,base.main_company,stock.stock_location_stock,Pro_423,product.product_uom_unit,37
Inv_01,Stock Inventory,base.main_company,stock.stock_location_stock,Pro_424,product.product_uom_unit,33
Inv_01,Stock Inventory,base.main_company,stock.stock_location_stock,Pro_425,product.product_uom_unit,13
Inv_01,Stock Inventory,base.main_company,stock.stock_location_stock,Pro_426,product.product_uom_unit,17
Inv_01,Stock Inventory,base.main_company,stock.stock_location_stock,Pro_427,product.product_uom_unit,11
Inv_01,Stock Inventory,base.main_company,stock.stock_location_stock,Pro_428,product.product_uom_unit,169
Inv_01,Stock Inventory,base.main_company,stock.stock_location_stock,Pro_429,product.product_uom_unit,173
Inv_01,Stock Inventory,base.main_company,stock.stock_location_stock,Pro_430,product.product_uom_unit,186
Inv_01,Stock Inventory,base.main_company,stock.stock_location_stock,Pro_431,product.product_uom_unit,186
Inv_01,Stock Inventory,base.main_company,stock.stock_location_stock,Pro_432,product.product_uom_unit,196
Inv_01,Stock Inventory,base.main_company,stock.stock_location_stock,Pro_433,product.product_uom_unit,262
Inv_01,Stock Inventory,base.main_company,stock.stock_location_stock,Pro_434,product.product_uom_unit,3
Inv_01,Stock Inventory,base.main_company,stock.stock_location_stock,Pro_435,product.product_uom_unit,6
Inv_01,Stock Inventory,base.main_company,stock.stock_location_stock,Pro_436,product.product_uom_unit,17
Inv_01,Stock Inventory,base.main_company,stock.stock_location_stock,Pro_437,product.product_uom_unit,13
Inv_01,Stock Inventory,base.main_company,stock.stock_location_stock,Pro_438,product.product_uom_unit,30
Inv_01,Stock Inventory,base.main_company,stock.stock_location_stock,Pro_439,product.product_uom_unit,21
Inv_01,Stock Inventory,base.main_company,stock.stock_location_stock,Pro_440,product.product_uom_unit,7
Inv_01,Stock Inventory,base.main_company,stock.stock_location_stock,Pro_441,product.product_uom_unit,1
Inv_01,Stock Inventory,base.main_company,stock.stock_location_stock,Pro_442,product.product_uom_unit,1
Inv_01,Stock Inventory,base.main_company,stock.stock_location_stock,Pro_443,product.product_uom_unit,7
Inv_01,Stock Inventory,base.main_company,stock.stock_location_stock,Pro_444,product.product_uom_unit,1
Inv_01,Stock Inventory,base.main_company,stock.stock_location_stock,Pro_445,product.product_uom_unit,203
Inv_01,Stock Inventory,base.main_company,stock.stock_location_stock,Pro_446,product.product_uom_unit,12
Inv_01,Stock Inventory,base.main_company,stock.stock_location_stock,Pro_447,product.product_uom_unit,5
Inv_01,Stock Inventory,base.main_company,stock.stock_location_stock,Pro_448,product.product_uom_unit,1
Inv_01,Stock Inventory,base.main_company,stock.stock_location_stock,Pro_449,product.product_uom_unit,2
Inv_01,Stock Inventory,base.main_company,stock.stock_location_stock,Pro_450,product.product_uom_unit,2
Inv_01,Stock Inventory,base.main_company,stock.stock_location_stock,Pro_451,product.product_uom_unit,107
Inv_01,Stock Inventory,base.main_company,stock.stock_location_stock,Pro_452,product.product_uom_unit,91
Inv_01,Stock Inventory,base.main_company,stock.stock_location_stock,Pro_453,product.product_uom_unit,657
Inv_01,Stock Inventory,base.main_company,stock.stock_location_stock,Pro_454,product.product_uom_unit,177
Inv_01,Stock Inventory,base.main_company,stock.stock_location_stock,Pro_455,product.product_uom_unit,50
Inv_01,Stock Inventory,base.main_company,stock.stock_location_stock,Pro_456,product.product_uom_unit,12
Inv_01,Stock Inventory,base.main_company,stock.stock_location_stock,Pro_457,product.product_uom_unit,24
Inv_01,Stock Inventory,base.main_company,stock.stock_location_stock,Pro_458,product.product_uom_unit,12
Inv_01,Stock Inventory,base.main_company,stock.stock_location_stock,Pro_459,product.product_uom_unit,12
Inv_01,Stock Inventory,base.main_company,stock.stock_location_stock,Pro_460,product.product_uom_unit,2
Inv_01,Stock Inventory,base.main_company,stock.stock_location_stock,Pro_461,product.product_uom_unit,20
Inv_01,Stock Inventory,base.main_company,stock.stock_location_stock,Pro_462,product.product_uom_unit,0.5
Inv_01,Stock Inventory,base.main_company,stock.stock_location_stock,Pro_463,product.product_uom_unit,0.25
Inv_01,Stock Inventory,base.main_company,stock.stock_location_stock,Pro_464,product.product_uom_unit,1
Inv_01,Stock Inventory,base.main_company,stock.stock_location_stock,Pro_465,product.product_uom_unit,2.5
Inv_01,Stock Inventory,base.main_company,stock.stock_location_stock,Pro_466,product.product_uom_unit,15
Inv_01,Stock Inventory,base.main_company,stock.stock_location_stock,Pro_467,product.product_uom_unit,60
Inv_01,Stock Inventory,base.main_company,stock.stock_location_stock,Pro_468,product.product_uom_unit,30
Inv_01,Stock Inventory,base.main_company,stock.stock_location_stock,Pro_469,product.product_uom_unit,
Inv_01,Stock Inventory,base.main_company,stock.stock_location_stock,Pro_470,product.product_uom_unit,
Inv_01,Stock Inventory,base.main_company,stock.stock_location_stock,Pro_471,product.product_uom_unit,
Inv_01,Stock Inventory,base.main_company,stock.stock_location_stock,Pro_472,product.product_uom_unit,
Inv_01,Stock Inventory,base.main_company,stock.stock_location_stock,Pro_473,product.product_uom_unit,
Inv_01,Stock Inventory,base.main_company,stock.stock_location_stock,Pro_474,product.product_uom_unit,
Inv_01,Stock Inventory,base.main_company,stock.stock_location_stock,Pro_475,product.product_uom_unit,
Inv_01,Stock Inventory,base.main_company,stock.stock_location_stock,Pro_476,product.product_uom_unit,
Inv_01,Stock Inventory,base.main_company,stock.stock_location_stock,Pro_477,product.product_uom_unit,
Inv_01,Stock Inventory,base.main_company,stock.stock_location_stock,Pro_478,product.product_uom_unit,
Inv_01,Stock Inventory,base.main_company,stock.stock_location_stock,Pro_479,product.product_uom_unit,7
Inv_01,Stock Inventory,base.main_company,stock.stock_location_stock,Pro_480,product.product_uom_unit,
Inv_01,Stock Inventory,base.main_company,stock.stock_location_stock,Pro_481,product.product_uom_unit,
Inv_01,Stock Inventory,base.main_company,stock.stock_location_stock,Pro_482,product.product_uom_unit,
Inv_01,Stock Inventory,base.main_company,stock.stock_location_stock,Pro_483,product.product_uom_unit,
Inv_01,Stock Inventory,base.main_company,stock.stock_location_stock,Pro_484,product.product_uom_unit,
Inv_01,Stock Inventory,base.main_company,stock.stock_location_stock,Pro_485,product.product_uom_unit,
Inv_01,Stock Inventory,base.main_company,stock.stock_location_stock,Pro_486,product.product_uom_unit,
Inv_01,Stock Inventory,base.main_company,stock.stock_location_stock,Pro_487,product.product_uom_unit,
Inv_01,Stock Inventory,base.main_company,stock.stock_location_stock,Pro_488,product.product_uom_unit,7
Inv_01,Stock Inventory,base.main_company,stock.stock_location_stock,Pro_489,product.product_uom_unit,
Inv_01,Stock Inventory,base.main_company,stock.stock_location_stock,Pro_490,product.product_uom_unit,
Inv_01,Stock Inventory,base.main_company,stock.stock_location_stock,Pro_491,product.product_uom_unit,
Inv_01,Stock Inventory,base.main_company,stock.stock_location_stock,Pro_492,product.product_uom_unit,
Inv_01,Stock Inventory,base.main_company,stock.stock_location_stock,Pro_493,product.product_uom_unit,
Inv_01,Stock Inventory,base.main_company,stock.stock_location_stock,Pro_494,product.product_uom_unit,
Inv_01,Stock Inventory,base.main_company,stock.stock_location_stock,Pro_495,product.product_uom_unit,
Inv_01,Stock Inventory,base.main_company,stock.stock_location_stock,Pro_496,product.product_uom_unit,
Inv_01,Stock Inventory,base.main_company,stock.stock_location_stock,Pro_497,product.product_uom_unit,
Inv_01,Stock Inventory,base.main_company,stock.stock_location_stock,Pro_498,product.product_uom_unit,
Inv_01,Stock Inventory,base.main_company,stock.stock_location_stock,Pro_499,product.product_uom_unit,
Inv_01,Stock Inventory,base.main_company,stock.stock_location_stock,Pro_500,product.product_uom_unit,
Inv_01,Stock Inventory,base.main_company,stock.stock_location_stock,Pro_501,product.product_uom_unit,
Inv_01,Stock Inventory,base.main_company,stock.stock_location_stock,Pro_502,product.product_uom_unit,
Inv_01,Stock Inventory,base.main_company,stock.stock_location_stock,Pro_503,product.product_uom_unit,
Inv_01,Stock Inventory,base.main_company,stock.stock_location_stock,Pro_504,product.product_uom_unit,
Inv_01,Stock Inventory,base.main_company,stock.stock_location_stock,Pro_505,product.product_uom_unit,
Inv_01,Stock Inventory,base.main_company,stock.stock_location_stock,Pro_506,product.product_uom_unit,
Inv_01,Stock Inventory,base.main_company,stock.stock_location_stock,Pro_507,product.product_uom_unit,
Inv_01,Stock Inventory,base.main_company,stock.stock_location_stock,Pro_508,product.product_uom_unit,
Inv_01,Stock Inventory,base.main_company,stock.stock_location_stock,Pro_509,product.product_uom_unit,
Inv_01,Stock Inventory,base.main_company,stock.stock_location_stock,Pro_510,product.product_uom_unit,
Inv_01,Stock Inventory,base.main_company,stock.stock_location_stock,Pro_511,product.product_uom_unit,
Inv_01,Stock Inventory,base.main_company,stock.stock_location_stock,Pro_512,product.product_uom_unit,
Inv_01,Stock Inventory,base.main_company,stock.stock_location_stock,Pro_513,product.product_uom_unit,
Inv_01,Stock Inventory,base.main_company,stock.stock_location_stock,Pro_514,product.product_uom_unit,
Inv_01,Stock Inventory,base.main_company,stock.stock_location_stock,Pro_515,product.product_uom_unit,
Inv_01,Stock Inventory,base.main_company,stock.stock_location_stock,Pro_516,product.product_uom_unit,
Inv_01,Stock Inventory,base.main_company,stock.stock_location_stock,Pro_517,product.product_uom_unit,
Inv_01,Stock Inventory,base.main_company,stock.stock_location_stock,Pro_518,product.product_uom_unit,
Inv_01,Stock Inventory,base.main_company,stock.stock_location_stock,Pro_519,product.product_uom_unit,
Inv_01,Stock Inventory,base.main_company,stock.stock_location_stock,Pro_520,product.product_uom_unit,
Inv_01,Stock Inventory,base.main_company,stock.stock_location_stock,Pro_521,product.product_uom_unit,
Inv_01,Stock Inventory,base.main_company,stock.stock_location_stock,Pro_522,product.product_uom_unit,4
Inv_01,Stock Inventory,base.main_company,stock.stock_location_stock,Pro_523,product.product_uom_unit,
Inv_01,Stock Inventory,base.main_company,stock.stock_location_stock,Pro_524,product.product_uom_unit,73
Inv_01,Stock Inventory,base.main_company,stock.stock_location_stock,Pro_525,product.product_uom_unit,
Inv_01,Stock Inventory,base.main_company,stock.stock_location_stock,Pro_526,product.product_uom_unit,
Inv_01,Stock Inventory,base.main_company,stock.stock_location_stock,Pro_527,product.product_uom_unit,
Inv_01,Stock Inventory,base.main_company,stock.stock_location_stock,Pro_528,product.product_uom_unit,
Inv_01,Stock Inventory,base.main_company,stock.stock_location_stock,Pro_529,product.product_uom_unit,
Inv_01,Stock Inventory,base.main_company,stock.stock_location_stock,Pro_530,product.product_uom_unit,
Inv_01,Stock Inventory,base.main_company,stock.stock_location_stock,Pro_531,product.product_uom_unit,
Inv_01,Stock Inventory,base.main_company,stock.stock_location_stock,Pro_532,product.product_uom_unit,
Inv_01,Stock Inventory,base.main_company,stock.stock_location_stock,Pro_533,product.product_uom_unit,
Inv_01,Stock Inventory,base.main_company,stock.stock_location_stock,Pro_534,product.product_uom_unit,
Inv_01,Stock Inventory,base.main_company,stock.stock_location_stock,Pro_535,product.product_uom_unit,
Inv_01,Stock Inventory,base.main_company,stock.stock_location_stock,Pro_536,product.product_uom_unit,
Inv_01,Stock Inventory,base.main_company,stock.stock_location_stock,Pro_537,product.product_uom_unit,
Inv_01,Stock Inventory,base.main_company,stock.stock_location_stock,Pro_538,product.product_uom_unit,
Inv_01,Stock Inventory,base.main_company,stock.stock_location_stock,Pro_539,product.product_uom_unit,
Inv_01,Stock Inventory,base.main_company,stock.stock_location_stock,Pro_540,product.product_uom_unit,
Inv_01,Stock Inventory,base.main_company,stock.stock_location_stock,Pro_541,product.product_uom_unit,
Inv_01,Stock Inventory,base.main_company,stock.stock_location_stock,Pro_542,product.product_uom_unit,
Inv_01,Stock Inventory,base.main_company,stock.stock_location_stock,Pro_543,product.product_uom_unit,
Inv_01,Stock Inventory,base.main_company,stock.stock_location_stock,Pro_544,product.product_uom_unit,
Inv_01,Stock Inventory,base.main_company,stock.stock_location_stock,Pro_545,product.product_uom_unit,
Inv_01,Stock Inventory,base.main_company,stock.stock_location_stock,Pro_546,product.product_uom_unit,
Inv_01,Stock Inventory,base.main_company,stock.stock_location_stock,Pro_547,product.product_uom_unit,
Inv_01,Stock Inventory,base.main_company,stock.stock_location_stock,Pro_548,product.product_uom_unit,
Inv_01,Stock Inventory,base.main_company,stock.stock_location_stock,Pro_549,product.product_uom_unit,
Inv_01,Stock Inventory,base.main_company,stock.stock_location_stock,Pro_550,product.product_uom_unit,
Inv_01,Stock Inventory,base.main_company,stock.stock_location_stock,Pro_551,product.product_uom_unit,
Inv_01,Stock Inventory,base.main_company,stock.stock_location_stock,Pro_552,product.product_uom_unit,
Inv_01,Stock Inventory,base.main_company,stock.stock_location_stock,Pro_553,product.product_uom_unit,
Inv_01,Stock Inventory,base.main_company,stock.stock_location_stock,Pro_554,product.product_uom_unit,
Inv_01,Stock Inventory,base.main_company,stock.stock_location_stock,Pro_555,product.product_uom_unit,
Inv_01,Stock Inventory,base.main_company,stock.stock_location_stock,Pro_556,product.product_uom_unit,
Inv_01,Stock Inventory,base.main_company,stock.stock_location_stock,Pro_557,product.product_uom_unit,
Inv_01,Stock Inventory,base.main_company,stock.stock_location_stock,Pro_558,product.product_uom_unit,
Inv_01,Stock Inventory,base.main_company,stock.stock_location_stock,Pro_559,product.product_uom_unit,
Inv_01,Stock Inventory,base.main_company,stock.stock_location_stock,Pro_560,product.product_uom_unit,
Inv_01,Stock Inventory,base.main_company,stock.stock_location_stock,Pro_561,product.product_uom_unit,
Inv_01,Stock Inventory,base.main_company,stock.stock_location_stock,Pro_562,product.product_uom_unit,
Inv_01,Stock Inventory,base.main_company,stock.stock_location_stock,Pro_563,product.product_uom_unit,
Inv_01,Stock Inventory,base.main_company,stock.stock_location_stock,Pro_564,product.product_uom_unit,
Inv_01,Stock Inventory,base.main_company,stock.stock_location_stock,Pro_565,product.product_uom_unit,
Inv_01,Stock Inventory,base.main_company,stock.stock_location_stock,Pro_566,product.product_uom_unit,
Inv_01,Stock Inventory,base.main_company,stock.stock_location_stock,Pro_567,product.product_uom_unit,
Inv_01,Stock Inventory,base.main_company,stock.stock_location_stock,Pro_568,product.product_uom_unit,
Inv_01,Stock Inventory,base.main_company,stock.stock_location_stock,Pro_569,product.product_uom_unit,
Inv_01,Stock Inventory,base.main_company,stock.stock_location_stock,Pro_570,product.product_uom_unit,
Inv_01,Stock Inventory,base.main_company,stock.stock_location_stock,Pro_571,product.product_uom_unit,
Inv_01,Stock Inventory,base.main_company,stock.stock_location_stock,Pro_572,product.product_uom_unit,
Inv_01,Stock Inventory,base.main_company,stock.stock_location_stock,Pro_573,product.product_uom_unit,
Inv_01,Stock Inventory,base.main_company,stock.stock_location_stock,Pro_574,product.product_uom_unit,
Inv_01,Stock Inventory,base.main_company,stock.stock_location_stock,Pro_575,product.product_uom_unit,
Inv_01,Stock Inventory,base.main_company,stock.stock_location_stock,Pro_576,product.product_uom_unit,
Inv_01,Stock Inventory,base.main_company,stock.stock_location_stock,Pro_577,product.product_uom_unit,
Inv_01,Stock Inventory,base.main_company,stock.stock_location_stock,Pro_578,product.product_uom_unit,
Inv_01,Stock Inventory,base.main_company,stock.stock_location_stock,Pro_579,product.product_uom_unit,
Inv_01,Stock Inventory,base.main_company,stock.stock_location_stock,Pro_580,product.product_uom_unit,
Inv_01,Stock Inventory,base.main_company,stock.stock_location_stock,Pro_581,product.product_uom_unit,
Inv_01,Stock Inventory,base.main_company,stock.stock_location_stock,Pro_582,product.product_uom_unit,
Inv_01,Stock Inventory,base.main_company,stock.stock_location_stock,Pro_583,product.product_uom_unit,
Inv_01,Stock Inventory,base.main_company,stock.stock_location_stock,Pro_584,product.product_uom_unit,
Inv_01,Stock Inventory,base.main_company,stock.stock_location_stock,Pro_585,product.product_uom_unit,
Inv_01,Stock Inventory,base.main_company,stock.stock_location_stock,Pro_586,product.product_uom_unit,
Inv_01,Stock Inventory,base.main_company,stock.stock_location_stock,Pro_587,product.product_uom_unit,
Inv_01,Stock Inventory,base.main_company,stock.stock_location_stock,Pro_588,product.product_uom_unit,
Inv_01,Stock Inventory,base.main_company,stock.stock_location_stock,Pro_589,product.product_uom_unit,
Inv_01,Stock Inventory,base.main_company,stock.stock_location_stock,Pro_590,product.product_uom_unit,
Inv_01,Stock Inventory,base.main_company,stock.stock_location_stock,Pro_591,product.product_uom_unit,
Inv_01,Stock Inventory,base.main_company,stock.stock_location_stock,Pro_592,product.product_uom_unit,
Inv_01,Stock Inventory,base.main_company,stock.stock_location_stock,Pro_593,product.product_uom_unit,
Inv_01,Stock Inventory,base.main_company,stock.stock_location_stock,Pro_594,product.product_uom_unit,
Inv_01,Stock Inventory,base.main_company,stock.stock_location_stock,Pro_595,product.product_uom_unit,
Inv_01,Stock Inventory,base.main_company,stock.stock_location_stock,Pro_596,product.product_uom_unit,
Inv_01,Stock Inventory,base.main_company,stock.stock_location_stock,Pro_597,product.product_uom_unit,
Inv_01,Stock Inventory,base.main_company,stock.stock_location_stock,Pro_598,product.product_uom_unit,
Inv_01,Stock Inventory,base.main_company,stock.stock_location_stock,Pro_599,product.product_uom_unit,
Inv_01,Stock Inventory,base.main_company,stock.stock_location_stock,Pro_600,product.product_uom_unit,
Inv_01,Stock Inventory,base.main_company,stock.stock_location_stock,Pro_601,product.product_uom_unit,
Inv_01,Stock Inventory,base.main_company,stock.stock_location_stock,Pro_602,product.product_uom_unit,
Inv_01,Stock Inventory,base.main_company,stock.stock_location_stock,Pro_603,product.product_uom_unit,
Inv_01,Stock Inventory,base.main_company,stock.stock_location_stock,Pro_604,product.product_uom_unit,
Inv_01,Stock Inventory,base.main_company,stock.stock_location_stock,Pro_605,product.product_uom_unit,
Inv_01,Stock Inventory,base.main_company,stock.stock_location_stock,Pro_606,product.product_uom_unit,
Inv_01,Stock Inventory,base.main_company,stock.stock_location_stock,Pro_607,product.product_uom_unit,
Inv_01,Stock Inventory,base.main_company,stock.stock_location_stock,Pro_608,product.product_uom_unit,
Inv_01,Stock Inventory,base.main_company,stock.stock_location_stock,Pro_609,product.product_uom_unit,
Inv_01,Stock Inventory,base.main_company,stock.stock_location_stock,Pro_610,product.product_uom_unit,7
Inv_01,Stock Inventory,base.main_company,stock.stock_location_stock,Pro_611,product.product_uom_unit,
Inv_01,Stock Inventory,base.main_company,stock.stock_location_stock,Pro_612,product.product_uom_unit,
Inv_01,Stock Inventory,base.main_company,stock.stock_location_stock,Pro_613,product.product_uom_unit,2
Inv_01,Stock Inventory,base.main_company,stock.stock_location_stock,Pro_614,product.product_uom_unit,5
Inv_01,Stock Inventory,base.main_company,stock.stock_location_stock,Pro_615,product.product_uom_unit,7
Inv_01,Stock Inventory,base.main_company,stock.stock_location_stock,Pro_616,product.product_uom_unit,22
Inv_01,Stock Inventory,base.main_company,stock.stock_location_stock,Pro_617,product.product_uom_unit,
Inv_01,Stock Inventory,base.main_company,stock.stock_location_stock,Pro_618,product.product_uom_unit,
Inv_01,Stock Inventory,base.main_company,stock.stock_location_stock,Pro_619,product.product_uom_unit,
Inv_01,Stock Inventory,base.main_company,stock.stock_location_stock,Pro_620,product.product_uom_unit,
Inv_01,Stock Inventory,base.main_company,stock.stock_location_stock,Pro_621,product.product_uom_unit,
Inv_01,Stock Inventory,base.main_company,stock.stock_location_stock,Pro_622,product.product_uom_unit,
Inv_01,Stock Inventory,base.main_company,stock.stock_location_stock,Pro_623,product.product_uom_unit,12
Inv_01,Stock Inventory,base.main_company,stock.stock_location_stock,Pro_624,product.product_uom_unit,
Inv_01,Stock Inventory,base.main_company,stock.stock_location_stock,Pro_625,product.product_uom_unit,
Inv_01,Stock Inventory,base.main_company,stock.stock_location_stock,Pro_626,product.product_uom_unit,
Inv_01,Stock Inventory,base.main_company,stock.stock_location_stock,Pro_627,product.product_uom_unit,34
Inv_01,Stock Inventory,base.main_company,stock.stock_location_stock,Pro_628,product.product_uom_unit,
Inv_01,Stock Inventory,base.main_company,stock.stock_location_stock,Pro_629,product.product_uom_unit,
Inv_01,Stock Inventory,base.main_company,stock.stock_location_stock,Pro_630,product.product_uom_unit,
Inv_01,Stock Inventory,base.main_company,stock.stock_location_stock,Pro_631,product.product_uom_unit,
Inv_01,Stock Inventory,base.main_company,stock.stock_location_stock,Pro_632,product.product_uom_unit,
Inv_01,Stock Inventory,base.main_company,stock.stock_location_stock,Pro_633,product.product_uom_unit,
Inv_01,Stock Inventory,base.main_company,stock.stock_location_stock,Pro_634,product.product_uom_unit,
Inv_01,Stock Inventory,base.main_company,stock.stock_location_stock,Pro_635,product.product_uom_unit,
Inv_01,Stock Inventory,base.main_company,stock.stock_location_stock,Pro_636,product.product_uom_unit,
Inv_01,Stock Inventory,base.main_company,stock.stock_location_stock,Pro_637,product.product_uom_unit,
Inv_01,Stock Inventory,base.main_company,stock.stock_location_stock,Pro_638,product.product_uom_unit,
Inv_01,Stock Inventory,base.main_company,stock.stock_location_stock,Pro_639,product.product_uom_unit,
Inv_01,Stock Inventory,base.main_company,stock.stock_location_stock,Pro_640,product.product_uom_unit,
Inv_01,Stock Inventory,base.main_company,stock.stock_location_stock,Pro_641,product.product_uom_unit,
Inv_01,Stock Inventory,base.main_company,stock.stock_location_stock,Pro_642,product.product_uom_unit,
Inv_01,Stock Inventory,base.main_company,stock.stock_location_stock,Pro_643,product.product_uom_unit,
Inv_01,Stock Inventory,base.main_company,stock.stock_location_stock,Pro_644,product.product_uom_unit,
Inv_01,Stock Inventory,base.main_company,stock.stock_location_stock,Pro_645,product.product_uom_unit,
Inv_01,Stock Inventory,base.main_company,stock.stock_location_stock,Pro_646,product.product_uom_unit,
Inv_01,Stock Inventory,base.main_company,stock.stock_location_stock,Pro_647,product.product_uom_unit,
Inv_01,Stock Inventory,base.main_company,stock.stock_location_stock,Pro_648,product.product_uom_unit,
Inv_01,Stock Inventory,base.main_company,stock.stock_location_stock,Pro_649,product.product_uom_unit,
Inv_01,Stock Inventory,base.main_company,stock.stock_location_stock,Pro_650,product.product_uom_unit,
Inv_01,Stock Inventory,base.main_company,stock.stock_location_stock,Pro_651,product.product_uom_unit,
Inv_01,Stock Inventory,base.main_company,stock.stock_location_stock,Pro_652,product.product_uom_unit,
Inv_01,Stock Inventory,base.main_company,stock.stock_location_stock,Pro_653,product.product_uom_unit,
Inv_01,Stock Inventory,base.main_company,stock.stock_location_stock,Pro_654,product.product_uom_unit,
Inv_01,Stock Inventory,base.main_company,stock.stock_location_stock,Pro_655,product.product_uom_unit,
Inv_01,Stock Inventory,base.main_company,stock.stock_location_stock,Pro_656,product.product_uom_unit,
Inv_01,Stock Inventory,base.main_company,stock.stock_location_stock,Pro_657,product.product_uom_unit,
Inv_01,Stock Inventory,base.main_company,stock.stock_location_stock,Pro_658,product.product_uom_unit,
Inv_01,Stock Inventory,base.main_company,stock.stock_location_stock,Pro_659,product.product_uom_unit,
Inv_01,Stock Inventory,base.main_company,stock.stock_location_stock,Pro_660,product.product_uom_unit,
Inv_01,Stock Inventory,base.main_company,stock.stock_location_stock,Pro_661,product.product_uom_unit,
Inv_01,Stock Inventory,base.main_company,stock.stock_location_stock,Pro_662,product.product_uom_unit,
Inv_01,Stock Inventory,base.main_company,stock.stock_location_stock,Pro_663,product.product_uom_unit,
Inv_01,Stock Inventory,base.main_company,stock.stock_location_stock,Pro_664,product.product_uom_unit,
Inv_01,Stock Inventory,base.main_company,stock.stock_location_stock,Pro_665,product.product_uom_unit,
Inv_01,Stock Inventory,base.main_company,stock.stock_location_stock,Pro_666,product.product_uom_unit,
Inv_01,Stock Inventory,base.main_company,stock.stock_location_stock,Pro_667,product.product_uom_unit,
Inv_01,Stock Inventory,base.main_company,stock.stock_location_stock,Pro_668,product.product_uom_unit,
Inv_01,Stock Inventory,base.main_company,stock.stock_location_stock,Pro_669,product.product_uom_unit,
Inv_01,Stock Inventory,base.main_company,stock.stock_location_stock,Pro_670,product.product_uom_unit,
Inv_01,Stock Inventory,base.main_company,stock.stock_location_stock,Pro_671,product.product_uom_unit,
Inv_01,Stock Inventory,base.main_company,stock.stock_location_stock,Pro_672,product.product_uom_unit,
Inv_01,Stock Inventory,base.main_company,stock.stock_location_stock,Pro_673,product.product_uom_unit,
Inv_01,Stock Inventory,base.main_company,stock.stock_location_stock,Pro_674,product.product_uom_unit,9
Inv_01,Stock Inventory,base.main_company,stock.stock_location_stock,Pro_675,product.product_uom_unit,1
Inv_01,Stock Inventory,base.main_company,stock.stock_location_stock,Pro_676,product.product_uom_unit,
Inv_01,Stock Inventory,base.main_company,stock.stock_location_stock,Pro_677,product.product_uom_unit,
Inv_01,Stock Inventory,base.main_company,stock.stock_location_stock,Pro_678,product.product_uom_unit,
Inv_01,Stock Inventory,base.main_company,stock.stock_location_stock,Pro_679,product.product_uom_unit,5
Inv_01,Stock Inventory,base.main_company,stock.stock_location_stock,Pro_680,product.product_uom_unit,16
Inv_01,Stock Inventory,base.main_company,stock.stock_location_stock,Pro_681,product.product_uom_unit,
Inv_01,Stock Inventory,base.main_company,stock.stock_location_stock,Pro_682,product.product_uom_unit,
Inv_01,Stock Inventory,base.main_company,stock.stock_location_stock,Pro_683,product.product_uom_unit,
Inv_01,Stock Inventory,base.main_company,stock.stock_location_stock,Pro_684,product.product_uom_unit,
Inv_01,Stock Inventory,base.main_company,stock.stock_location_stock,Pro_685,product.product_uom_unit,
Inv_01,Stock Inventory,base.main_company,stock.stock_location_stock,Pro_686,product.product_uom_unit,
Inv_01,Stock Inventory,base.main_company,stock.stock_location_stock,Pro_687,product.product_uom_unit,
Inv_01,Stock Inventory,base.main_company,stock.stock_location_stock,Pro_688,product.product_uom_unit,
Inv_01,Stock Inventory,base.main_company,stock.stock_location_stock,Pro_689,product.product_uom_unit,
Inv_01,Stock Inventory,base.main_company,stock.stock_location_stock,Pro_690,product.product_uom_unit,
Inv_01,Stock Inventory,base.main_company,stock.stock_location_stock,Pro_691,product.product_uom_unit,
Inv_01,Stock Inventory,base.main_company,stock.stock_location_stock,Pro_692,product.product_uom_unit,
Inv_01,Stock Inventory,base.main_company,stock.stock_location_stock,Pro_693,product.product_uom_unit,1
Inv_01,Stock Inventory,base.main_company,stock.stock_location_stock,Pro_694,product.product_uom_unit,
Inv_01,Stock Inventory,base.main_company,stock.stock_location_stock,Pro_695,product.product_uom_unit,
Inv_01,Stock Inventory,base.main_company,stock.stock_location_stock,Pro_696,product.product_uom_unit,
Inv_01,Stock Inventory,base.main_company,stock.stock_location_stock,Pro_697,product.product_uom_unit,
Inv_01,Stock Inventory,base.main_company,stock.stock_location_stock,Pro_698,product.product_uom_unit,
Inv_01,Stock Inventory,base.main_company,stock.stock_location_stock,Pro_699,product.product_uom_unit,
Inv_01,Stock Inventory,base.main_company,stock.stock_location_stock,Pro_700,product.product_uom_unit,
Inv_01,Stock Inventory,base.main_company,stock.stock_location_stock,Pro_701,product.product_uom_unit,
Inv_01,Stock Inventory,base.main_company,stock.stock_location_stock,Pro_702,product.product_uom_unit,
Inv_01,Stock Inventory,base.main_company,stock.stock_location_stock,Pro_703,product.product_uom_unit,
Inv_01,Stock Inventory,base.main_company,stock.stock_location_stock,Pro_704,product.product_uom_unit,
Inv_01,Stock Inventory,base.main_company,stock.stock_location_stock,Pro_705,product.product_uom_unit,
Inv_01,Stock Inventory,base.main_company,stock.stock_location_stock,Pro_706,product.product_uom_unit,
Inv_01,Stock Inventory,base.main_company,stock.stock_location_stock,Pro_707,product.product_uom_unit,
Inv_01,Stock Inventory,base.main_company,stock.stock_location_stock,Pro_708,product.product_uom_unit,
Inv_01,Stock Inventory,base.main_company,stock.stock_location_stock,Pro_709,product.product_uom_unit,
Inv_01,Stock Inventory,base.main_company,stock.stock_location_stock,Pro_710,product.product_uom_unit,
Inv_01,Stock Inventory,base.main_company,stock.stock_location_stock,Pro_711,product.product_uom_unit,100
Inv_01,Stock Inventory,base.main_company,stock.stock_location_stock,Pro_712,product.product_uom_unit,34
Inv_01,Stock Inventory,base.main_company,stock.stock_location_stock,Pro_713,product.product_uom_unit,208
Inv_01,Stock Inventory,base.main_company,stock.stock_location_stock,Pro_714,product.product_uom_unit,50
Inv_01,Stock Inventory,base.main_company,stock.stock_location_stock,Pro_715,product.product_uom_unit,61
Inv_01,Stock Inventory,base.main_company,stock.stock_location_stock,Pro_716,product.product_uom_unit,2174
Inv_01,Stock Inventory,base.main_company,stock.stock_location_stock,Pro_717,product.product_uom_unit,1253
Inv_01,Stock Inventory,base.main_company,stock.stock_location_stock,Pro_718,product.product_uom_unit,1220
Inv_01,Stock Inventory,base.main_company,stock.stock_location_stock,Pro_719,product.product_uom_unit,781
Inv_01,Stock Inventory,base.main_company,stock.stock_location_stock,Pro_720,product.product_uom_unit,27
Inv_01,Stock Inventory,base.main_company,stock.stock_location_stock,Pro_721,product.product_uom_unit,16
Inv_01,Stock Inventory,base.main_company,stock.stock_location_stock,Pro_722,product.product_uom_unit,4
Inv_01,Stock Inventory,base.main_company,stock.stock_location_stock,Pro_723,product.product_uom_unit,8
Inv_01,Stock Inventory,base.main_company,stock.stock_location_stock,Pro_724,product.product_uom_unit,10
Inv_01,Stock Inventory,base.main_company,stock.stock_location_stock,Pro_725,product.product_uom_unit,46
Inv_01,Stock Inventory,base.main_company,stock.stock_location_stock,Pro_726,product.product_uom_unit,6
Inv_01,Stock Inventory,base.main_company,stock.stock_location_stock,Pro_727,product.product_uom_unit,8
Inv_01,Stock Inventory,base.main_company,stock.stock_location_stock,Pro_728,product.product_uom_unit,8
Inv_01,Stock Inventory,base.main_company,stock.stock_location_stock,Pro_729,product.product_uom_unit,5
Inv_01,Stock Inventory,base.main_company,stock.stock_location_stock,Pro_730,product.product_uom_unit,6
Inv_01,Stock Inventory,base.main_company,stock.stock_location_stock,Pro_731,product.product_uom_unit,1
Inv_01,Stock Inventory,base.main_company,stock.stock_location_stock,Pro_732,product.product_uom_unit,9
Inv_01,Stock Inventory,base.main_company,stock.stock_location_stock,Pro_733,product.product_uom_unit,2
Inv_01,Stock Inventory,base.main_company,stock.stock_location_stock,Pro_734,product.product_uom_unit,1
Inv_01,Stock Inventory,base.main_company,stock.stock_location_stock,Pro_735,product.product_uom_unit,1
Inv_01,Stock Inventory,base.main_company,stock.stock_location_stock,Pro_736,product.product_uom_unit,6
Inv_01,Stock Inventory,base.main_company,stock.stock_location_stock,Pro_737,product.product_uom_unit,4
Inv_01,Stock Inventory,base.main_company,stock.stock_location_stock,Pro_738,product.product_uom_unit,3
Inv_01,Stock Inventory,base.main_company,stock.stock_location_stock,Pro_739,product.product_uom_unit,1
Inv_01,Stock Inventory,base.main_company,stock.stock_location_stock,Pro_740,product.product_uom_unit,2
Inv_01,Stock Inventory,base.main_company,stock.stock_location_stock,Pro_741,product.product_uom_unit,1
Inv_01,Stock Inventory,base.main_company,stock.stock_location_stock,Pro_742,product.product_uom_unit,2
Inv_01,Stock Inventory,base.main_company,stock.stock_location_stock,Pro_743,product.product_uom_unit,1
Inv_01,Stock Inventory,base.main_company,stock.stock_location_stock,Pro_744,product.product_uom_unit,8
Inv_01,Stock Inventory,base.main_company,stock.stock_location_stock,Pro_745,product.product_uom_unit,4
Inv_01,Stock Inventory,base.main_company,stock.stock_location_stock,Pro_746,product.product_uom_unit,7
Inv_01,Stock Inventory,base.main_company,stock.stock_location_stock,Pro_747,product.product_uom_unit,4
Inv_01,Stock Inventory,base.main_company,stock.stock_location_stock,Pro_748,product.product_uom_unit,24
Inv_01,Stock Inventory,base.main_company,stock.stock_location_stock,Pro_749,product.product_uom_unit,23
Inv_01,Stock Inventory,base.main_company,stock.stock_location_stock,Pro_750,product.product_uom_unit,23
Inv_01,Stock Inventory,base.main_company,stock.stock_location_stock,Pro_751,product.product_uom_unit,22
Inv_01,Stock Inventory,base.main_company,stock.stock_location_stock,Pro_752,product.product_uom_unit,16
Inv_01,Stock Inventory,base.main_company,stock.stock_location_stock,Pro_753,product.product_uom_unit,92
Inv_01,Stock Inventory,base.main_company,stock.stock_location_stock,Pro_754,product.product_uom_unit,27
Inv_01,Stock Inventory,base.main_company,stock.stock_location_stock,Pro_755,product.product_uom_unit,1
Inv_01,Stock Inventory,base.main_company,stock.stock_location_stock,Pro_756,product.product_uom_unit,1
Inv_01,Stock Inventory,base.main_company,stock.stock_location_stock,Pro_757,product.product_uom_unit,5
Inv_01,Stock Inventory,base.main_company,stock.stock_location_stock,Pro_758,product.product_uom_unit,35
Inv_01,Stock Inventory,base.main_company,stock.stock_location_stock,Pro_759,product.product_uom_unit,2
Inv_01,Stock Inventory,base.main_company,stock.stock_location_stock,Pro_760,product.product_uom_unit,61
Inv_01,Stock Inventory,base.main_company,stock.stock_location_stock,Pro_761,product.product_uom_unit,25
Inv_01,Stock Inventory,base.main_company,stock.stock_location_stock,Pro_762,product.product_uom_unit,23
Inv_01,Stock Inventory,base.main_company,stock.stock_location_stock,Pro_763,product.product_uom_unit,25
Inv_01,Stock Inventory,base.main_company,stock.stock_location_stock,Pro_764,product.product_uom_unit,18
Inv_01,Stock Inventory,base.main_company,stock.stock_location_stock,Pro_765,product.product_uom_unit,31
Inv_01,Stock Inventory,base.main_company,stock.stock_location_stock,Pro_766,product.product_uom_unit,55
Inv_01,Stock Inventory,base.main_company,stock.stock_location_stock,Pro_767,product.product_uom_unit,44
Inv_01,Stock Inventory,base.main_company,stock.stock_location_stock,Pro_768,product.product_uom_unit,2
Inv_01,Stock Inventory,base.main_company,stock.stock_location_stock,Pro_769,product.product_uom_unit,8
Inv_01,Stock Inventory,base.main_company,stock.stock_location_stock,Pro_770,product.product_uom_unit,13
Inv_01,Stock Inventory,base.main_company,stock.stock_location_stock,Pro_771,product.product_uom_unit,7
Inv_01,Stock Inventory,base.main_company,stock.stock_location_stock,Pro_772,product.product_uom_unit,8
Inv_01,Stock Inventory,base.main_company,stock.stock_location_stock,Pro_773,product.product_uom_unit,34
Inv_01,Stock Inventory,base.main_company,stock.stock_location_stock,Pro_774,product.product_uom_unit,7
Inv_01,Stock Inventory,base.main_company,stock.stock_location_stock,Pro_775,product.product_uom_unit,5
Inv_01,Stock Inventory,base.main_company,stock.stock_location_stock,Pro_776,product.product_uom_unit,26
Inv_01,Stock Inventory,base.main_company,stock.stock_location_stock,Pro_777,product.product_uom_unit,22
Inv_01,Stock Inventory,base.main_company,stock.stock_location_stock,Pro_778,product.product_uom_unit,4
Inv_01,Stock Inventory,base.main_company,stock.stock_location_stock,Pro_779,product.product_uom_unit,1
Inv_01,Stock Inventory,base.main_company,stock.stock_location_stock,Pro_780,product.product_uom_unit,45
Inv_01,Stock Inventory,base.main_company,stock.stock_location_stock,Pro_781,product.product_uom_unit,48
Inv_01,Stock Inventory,base.main_company,stock.stock_location_stock,Pro_782,product.product_uom_unit,4
Inv_01,Stock Inventory,base.main_company,stock.stock_location_stock,Pro_783,product.product_uom_unit,7
Inv_01,Stock Inventory,base.main_company,stock.stock_location_stock,Pro_784,product.product_uom_unit,38
Inv_01,Stock Inventory,base.main_company,stock.stock_location_stock,Pro_785,product.product_uom_unit,2
Inv_01,Stock Inventory,base.main_company,stock.stock_location_stock,Pro_786,product.product_uom_unit,58
Inv_01,Stock Inventory,base.main_company,stock.stock_location_stock,Pro_787,product.product_uom_unit,6
Inv_01,Stock Inventory,base.main_company,stock.stock_location_stock,Pro_788,product.product_uom_unit,5
Inv_01,Stock Inventory,base.main_company,stock.stock_location_stock,Pro_789,product.product_uom_unit,1
Inv_01,Stock Inventory,base.main_company,stock.stock_location_stock,Pro_790,product.product_uom_unit,1
Inv_01,Stock Inventory,base.main_company,stock.stock_location_stock,Pro_791,product.product_uom_unit,1
Inv_01,Stock Inventory,base.main_company,stock.stock_location_stock,Pro_792,product.product_uom_unit,2
Inv_01,Stock Inventory,base.main_company,stock.stock_location_stock,Pro_793,product.product_uom_unit,3
Inv_01,Stock Inventory,base.main_company,stock.stock_location_stock,Pro_794,product.product_uom_unit,6
Inv_01,Stock Inventory,base.main_company,stock.stock_location_stock,Pro_795,product.product_uom_unit,2
Inv_01,Stock Inventory,base.main_company,stock.stock_location_stock,Pro_796,product.product_uom_unit,6
Inv_01,Stock Inventory,base.main_company,stock.stock_location_stock,Pro_797,product.product_uom_unit,2
Inv_01,Stock Inventory,base.main_company,stock.stock_location_stock,Pro_798,product.product_uom_unit,10
Inv_01,Stock Inventory,base.main_company,stock.stock_location_stock,Pro_799,product.product_uom_unit,2
Inv_01,Stock Inventory,base.main_company,stock.stock_location_stock,Pro_800,product.product_uom_unit,2
Inv_01,Stock Inventory,base.main_company,stock.stock_location_stock,Pro_801,product.product_uom_unit,7
Inv_01,Stock Inventory,base.main_company,stock.stock_location_stock,Pro_802,product.product_uom_unit,2
Inv_01,Stock Inventory,base.main_company,stock.stock_location_stock,Pro_803,product.product_uom_unit,3
Inv_01,Stock Inventory,base.main_company,stock.stock_location_stock,Pro_804,product.product_uom_unit,49
Inv_01,Stock Inventory,base.main_company,stock.stock_location_stock,Pro_805,product.product_uom_unit,3
Inv_01,Stock Inventory,base.main_company,stock.stock_location_stock,Pro_806,product.product_uom_unit,18
Inv_01,Stock Inventory,base.main_company,stock.stock_location_stock,Pro_807,product.product_uom_unit,33
Inv_01,Stock Inventory,base.main_company,stock.stock_location_stock,Pro_808,product.product_uom_unit,18
Inv_01,Stock Inventory,base.main_company,stock.stock_location_stock,Pro_809,product.product_uom_unit,45
Inv_01,Stock Inventory,base.main_company,stock.stock_location_stock,Pro_810,product.product_uom_unit,9
Inv_01,Stock Inventory,base.main_company,stock.stock_location_stock,Pro_811,product.product_uom_unit,34
Inv_01,Stock Inventory,base.main_company,stock.stock_location_stock,Pro_812,product.product_uom_unit,10
Inv_01,Stock Inventory,base.main_company,stock.stock_location_stock,Pro_813,product.product_uom_unit,8
Inv_01,Stock Inventory,base.main_company,stock.stock_location_stock,Pro_814,product.product_uom_unit,20
Inv_01,Stock Inventory,base.main_company,stock.stock_location_stock,Pro_815,product.product_uom_unit,7
Inv_01,Stock Inventory,base.main_company,stock.stock_location_stock,Pro_816,product.product_uom_unit,16
Inv_01,Stock Inventory,base.main_company,stock.stock_location_stock,Pro_817,product.product_uom_unit,18
Inv_01,Stock Inventory,base.main_company,stock.stock_location_stock,Pro_818,product.product_uom_unit,44
Inv_01,Stock Inventory,base.main_company,stock.stock_location_stock,Pro_819,product.product_uom_unit,33
Inv_01,Stock Inventory,base.main_company,stock.stock_location_stock,Pro_820,product.product_uom_unit,7
Inv_01,Stock Inventory,base.main_company,stock.stock_location_stock,Pro_821,product.product_uom_unit,2
Inv_01,Stock Inventory,base.main_company,stock.stock_location_stock,Pro_822,product.product_uom_unit,16
Inv_01,Stock Inventory,base.main_company,stock.stock_location_stock,Pro_823,product.product_uom_unit,41
Inv_01,Stock Inventory,base.main_company,stock.stock_location_stock,Pro_824,product.product_uom_unit,40
Inv_01,Stock Inventory,base.main_company,stock.stock_location_stock,Pro_825,product.product_uom_unit,157
Inv_01,Stock Inventory,base.main_company,stock.stock_location_stock,Pro_826,product.product_uom_unit,153
Inv_01,Stock Inventory,base.main_company,stock.stock_location_stock,Pro_827,product.product_uom_unit,26
Inv_01,Stock Inventory,base.main_company,stock.stock_location_stock,Pro_828,product.product_uom_unit,14
Inv_01,Stock Inventory,base.main_company,stock.stock_location_stock,Pro_829,product.product_uom_unit,371
Inv_01,Stock Inventory,base.main_company,stock.stock_location_stock,Pro_830,product.product_uom_unit,10
Inv_01,Stock Inventory,base.main_company,stock.stock_location_stock,Pro_831,product.product_uom_unit,16
Inv_01,Stock Inventory,base.main_company,stock.stock_location_stock,Pro_832,product.product_uom_unit,18
Inv_01,Stock Inventory,base.main_company,stock.stock_location_stock,Pro_833,product.product_uom_unit,10
Inv_01,Stock Inventory,base.main_company,stock.stock_location_stock,Pro_834,product.product_uom_unit,132
Inv_01,Stock Inventory,base.main_company,stock.stock_location_stock,Pro_835,product.product_uom_unit,4
Inv_01,Stock Inventory,base.main_company,stock.stock_location_stock,Pro_836,product.product_uom_unit,3
Inv_01,Stock Inventory,base.main_company,stock.stock_location_stock,Pro_837,product.product_uom_unit,3
Inv_01,Stock Inventory,base.main_company,stock.stock_location_stock,Pro_838,product.product_uom_unit,1
Inv_01,Stock Inventory,base.main_company,stock.stock_location_stock,Pro_839,product.product_uom_unit,80
Inv_01,Stock Inventory,base.main_company,stock.stock_location_stock,Pro_840,product.product_uom_unit,47
Inv_01,Stock Inventory,base.main_company,stock.stock_location_stock,Pro_841,product.product_uom_unit,45
Inv_01,Stock Inventory,base.main_company,stock.stock_location_stock,Pro_842,product.product_uom_unit,113
Inv_01,Stock Inventory,base.main_company,stock.stock_location_stock,Pro_843,product.product_uom_unit,5
Inv_01,Stock Inventory,base.main_company,stock.stock_location_stock,Pro_844,product.product_uom_unit,57
Inv_01,Stock Inventory,base.main_company,stock.stock_location_stock,Pro_845,product.product_uom_unit,53
Inv_01,Stock Inventory,base.main_company,stock.stock_location_stock,Pro_846,product.product_uom_unit,19
Inv_01,Stock Inventory,base.main_company,stock.stock_location_stock,Pro_847,product.product_uom_unit,15
Inv_01,Stock Inventory,base.main_company,stock.stock_location_stock,Pro_848,product.product_uom_unit,50
Inv_01,Stock Inventory,base.main_company,stock.stock_location_stock,Pro_849,product.product_uom_unit,58
Inv_01,Stock Inventory,base.main_company,stock.stock_location_stock,Pro_850,product.product_uom_unit,300
Inv_01,Stock Inventory,base.main_company,stock.stock_location_stock,Pro_851,product.product_uom_unit,8
Inv_01,Stock Inventory,base.main_company,stock.stock_location_stock,Pro_852,product.product_uom_unit,5
Inv_01,Stock Inventory,base.main_company,stock.stock_location_stock,Pro_853,product.product_uom_unit,5
Inv_01,Stock Inventory,base.main_company,stock.stock_location_stock,Pro_854,product.product_uom_unit,2
Inv_01,Stock Inventory,base.main_company,stock.stock_location_stock,Pro_855,product.product_uom_unit,4
Inv_01,Stock Inventory,base.main_company,stock.stock_location_stock,Pro_856,product.product_uom_unit,3
Inv_01,Stock Inventory,base.main_company,stock.stock_location_stock,Pro_857,product.product_uom_unit,11
Inv_01,Stock Inventory,base.main_company,stock.stock_location_stock,Pro_858,product.product_uom_unit,14
Inv_01,Stock Inventory,base.main_company,stock.stock_location_stock,Pro_859,product.product_uom_unit,11
Inv_01,Stock Inventory,base.main_company,stock.stock_location_stock,Pro_860,product.product_uom_unit,1
Inv_01,Stock Inventory,base.main_company,stock.stock_location_stock,Pro_861,product.product_uom_unit,167
Inv_01,Stock Inventory,base.main_company,stock.stock_location_stock,Pro_862,product.product_uom_unit,110
Inv_01,Stock Inventory,base.main_company,stock.stock_location_stock,Pro_863,product.product_uom_unit,14
Inv_01,Stock Inventory,base.main_company,stock.stock_location_stock,Pro_864,product.product_uom_unit,40
Inv_01,Stock Inventory,base.main_company,stock.stock_location_stock,Pro_865,product.product_uom_unit,10
Inv_01,Stock Inventory,base.main_company,stock.stock_location_stock,Pro_866,product.product_uom_unit,11
Inv_01,Stock Inventory,base.main_company,stock.stock_location_stock,Pro_867,product.product_uom_unit,125
Inv_01,Stock Inventory,base.main_company,stock.stock_location_stock,Pro_868,product.product_uom_unit,120
Inv_01,Stock Inventory,base.main_company,stock.stock_location_stock,Pro_869,product.product_uom_unit,40
Inv_01,Stock Inventory,base.main_company,stock.stock_location_stock,Pro_870,product.product_uom_unit,29
Inv_01,Stock Inventory,base.main_company,stock.stock_location_stock,Pro_871,product.product_uom_unit,16
Inv_01,Stock Inventory,base.main_company,stock.stock_location_stock,Pro_872,product.product_uom_unit,15
Inv_01,Stock Inventory,base.main_company,stock.stock_location_stock,Pro_873,product.product_uom_unit,72
Inv_01,Stock Inventory,base.main_company,stock.stock_location_stock,Pro_874,product.product_uom_unit,14
Inv_01,Stock Inventory,base.main_company,stock.stock_location_stock,Pro_875,product.product_uom_unit,2
Inv_01,Stock Inventory,base.main_company,stock.stock_location_stock,Pro_876,product.product_uom_unit,10
Inv_01,Stock Inventory,base.main_company,stock.stock_location_stock,Pro_877,product.product_uom_unit,31
Inv_01,Stock Inventory,base.main_company,stock.stock_location_stock,Pro_878,product.product_uom_unit,5
Inv_01,Stock Inventory,base.main_company,stock.stock_location_stock,Pro_879,product.product_uom_unit,1
Inv_01,Stock Inventory,base.main_company,stock.stock_location_stock,Pro_880,product.product_uom_unit,3
Inv_01,Stock Inventory,base.main_company,stock.stock_location_stock,Pro_881,product.product_uom_unit,1
Inv_01,Stock Inventory,base.main_company,stock.stock_location_stock,Pro_882,product.product_uom_unit,1
Inv_01,Stock Inventory,base.main_company,stock.stock_location_stock,Pro_883,product.product_uom_unit,1
Inv_01,Stock Inventory,base.main_company,stock.stock_location_stock,Pro_884,product.product_uom_unit,3
Inv_01,Stock Inventory,base.main_company,stock.stock_location_stock,Pro_885,product.product_uom_unit,1
Inv_01,Stock Inventory,base.main_company,stock.stock_location_stock,Pro_886,product.product_uom_unit,1
Inv_01,Stock Inventory,base.main_company,stock.stock_location_stock,Pro_887,product.product_uom_unit,1
Inv_01,Stock Inventory,base.main_company,stock.stock_location_stock,Pro_888,product.product_uom_unit,2
Inv_01,Stock Inventory,base.main_company,stock.stock_location_stock,Pro_889,product.product_uom_unit,1
Inv_01,Stock Inventory,base.main_company,stock.stock_location_stock,Pro_890,product.product_uom_unit,40
Inv_01,Stock Inventory,base.main_company,stock.stock_location_stock,Pro_891,product.product_uom_unit,37
Inv_01,Stock Inventory,base.main_company,stock.stock_location_stock,Pro_892,product.product_uom_unit,13
Inv_01,Stock Inventory,base.main_company,stock.stock_location_stock,Pro_893,product.product_uom_unit,2
Inv_01,Stock Inventory,base.main_company,stock.stock_location_stock,Pro_894,product.product_uom_unit,17
Inv_01,Stock Inventory,base.main_company,stock.stock_location_stock,Pro_895,product.product_uom_unit,36
Inv_01,Stock Inventory,base.main_company,stock.stock_location_stock,Pro_896,product.product_uom_unit,39
Inv_01,Stock Inventory,base.main_company,stock.stock_location_stock,Pro_897,product.product_uom_unit,39
Inv_01,Stock Inventory,base.main_company,stock.stock_location_stock,Pro_898,product.product_uom_unit,4
Inv_01,Stock Inventory,base.main_company,stock.stock_location_stock,Pro_899,product.product_uom_unit,4
Inv_01,Stock Inventory,base.main_company,stock.stock_location_stock,Pro_900,product.product_uom_unit,3
Inv_01,Stock Inventory,base.main_company,stock.stock_location_stock,Pro_901,product.product_uom_unit,2
Inv_01,Stock Inventory,base.main_company,stock.stock_location_stock,Pro_902,product.product_uom_unit,3
Inv_01,Stock Inventory,base.main_company,stock.stock_location_stock,Pro_903,product.product_uom_unit,14
