"id"	"name"
"Pro_01"	"10-32 K-LOCK NUT W/EXTERNAL STAR STAINLESS STEEL"
"Pro_02"	"5/16-18X1 WHIZ FLANGE BOLT STAINLESS STEEL"
"Pro_03"	"5/16-18X1 HEX CAP SCREW STAINLESS STEEL"
"Pro_04"	"5/16-18X 1-1/4 HEX CAP SCREW STAINLESS STEEL"
"Pro_05"	"5/16-18X 1-3/4 HEX CAP SCREW STAINLESS STEEL"
"Pro_06"	"5/16-18X 2 HEX CAP SCREW STAINLESS STEEL"
"Pro_07"	"5/16-18 2-3/4 HEX CAP SCREW STAINLESS STEEL"
"Pro_08"	"5/16-18X 3/4 HEX CAP SCREW STAINLESS STEEL"
"Pro_09"	"5/16-18 FINISHED HEX NUT STAINLESS STEEL"
"Pro_10"	"5/16-18 CHANNEL SPRING NUT 316 STAINLESS STEEL"
"Pro_11"	"5/16-18 CHANNEL SPRING NUT STEEL HD/GALV"
"Pro_12"	"5/16-18 WHIZ FLANGE NUT STAINLESS STEEL"
"Pro_13"	"5/16X3 LAG BOLT STAINLESS STEEL"
"Pro_14"	"5/16X 3-1/2 LAG BOLT STAINLESS STEEL"
"Pro_15"	"5/16X 4 LAG BOLT STAINLESS STEEL"
"Pro_16"	"5/16X 4-1/2 LAG BOLT STAINLESS STEEL"
"Pro_17"	"5/16X 5 LAG BOLT STAINLESS STEEL"
"Pro_18"	"5/16X 3/4 FLAT WASHER STAINLESS STEEL"
"Pro_19"	"5/16 MED SPLIT LOCK WASHER STAINLESS STEEL"
"Pro_20"	"3/8-16X1 HEX CAP SCREW STAINLESS STEEL"
"Pro_21"	"3/8-16X 1-1/4 HEX CAP SCREW STAINLESS STEEL"
"Pro_22"	"3/8-16X 1-1/2 HEX CAP SCREW STAINLESS STEEL"
"Pro_23"	"3/8-16X 1-12 SOCKET CAP SCREW ALLOY"
"Pro_24"	"3/8-16X 2 SOCKET CAP SCREW ALLOY"
"Pro_25"	"3/8-16X 2 FLAT SOCKET CAP SCREW ALLOY"
"Pro_26"	"3/8-16X 2-1/2 SOCKET CAP SCREW ALLOY"
"Pro_27"	"3/8-16X 3 SOCKET CAP SCREW ALLOY"
"Pro_28"	"3/8-16X 3-1/2 SOCKET CAP SCREW ALLOY"
"Pro_29"	"3/8-16X 4 SOCKET CAP SCREW ALLOY"
"Pro_30"	"3/8-16X 4-1/2 SOCKET SCREW ALLOY"
"Pro_31"	"3/8-16X 3/4 HEX CAP SCREW STAINLESS STEEL"
"Pro_32"	"3/8-16X 7/8 SOCKET CAP SCREW ALLOY"
"Pro_33"	"3/8-16 FINISHED HEX NUT STAINLESS STEEL"
"Pro_34"	"3/8-16 CHANNEL SPRING NUT 316 STAINLESS STEEL"
"Pro_35"	"3/8-16 CHANNEL SPRING NUT STAINLESS STEEL"
"Pro_36"	"3/8-16 CHANNEL SPRING NUT STEEL HD/GALV"
"Pro_37"	"3/8-16 CHANNEL SPRING NUT STEEL ZINC"
"Pro_38"	"3/8-16 WHIZ FLANGE NUT STAINLESS STEEL"
"Pro_39"	"3/8X 1-1/4 FENDER WASHER STAINLESS STEEL"
"Pro_40"	"3/8X 3-1/2 LAG BOLT STAINLESS STEEL"
"Pro_41"	"3/8X 4 LAG BOLTS STAINLESS STEEL"
"Pro_42"	"3/8X 3/4 BONDED SEAL WASHER STAINLESS STEEL"
"Pro_43"	"3/8X 7/8  FLAT WASHER STAINLESS STEEL"
"Pro_44"	"3/8 MEDIUM SPLIT LOCK WASHER STAINLESS STEEL"
"Pro_45"	"#8 EXTERNAL TOOTH LOCK WASHER 400 STAINLESS STEEL"
"Pro_46"	"4"" E-Curb kit gray"
"Pro_47"	"Soft Aluminum 1' flashings"
"Pro_48"	"Galanized 1"" flashings"
"Pro_49"	"Flat O-Hagans"
"Pro_50"	"Tri Built Roof Accessory Paint Hickory"
"Pro_51"	"Tri Built Roof Accessory Paint Weathered Wood"
"Pro_52"	"Tri Built RoofAccessory Paint Tile Red"
"Pro_53"	"Tri Built RoofAccessory Paint Cedar"
"Pro_54"	"Tri Built RoofAccessory Paint Slate Gray"
"Pro_55"	"1"" EMT"
"Pro_56"	"1 1/4"" EMT"
"Pro_57"	"3/4"" Rigid"
"Pro_58"	"Square D SOLAR ALL IN ONE"
"Pro_59"	"Square D 100A LOAD CENTER"
"Pro_60"	"Square D 125A LOAD CENTER"
"Pro_61"	"Square D 30A NONFUSED DISCONNECT"
"Pro_62"	"Square D 60A NONFUSED DISCONNECT"
"Pro_63"	"Square D 15AMP TWIN BREAKER"
"Pro_64"	"Square D 20AMP TWIN BREAKER"
"Pro_65"	"Square D 15/20AMP TWIN BREAKER"
"Pro_66"	"Square D 15/15 QUAD BREAKER"
"Pro_67"	"Square D 15/20 QUAD BREAKER"
"Pro_68"	"Square D 15/30 QUAD BREAKER"
"Pro_69"	"Squqre D 15/40 QUAD BREAKER"
"Pro_70"	"Square D 15/50 QUAD BREAKER"
"Pro_71"	"Square D 20/20 QUAD BREAKER"
"Pro_72"	"Square D 20/30 QUAD BREAKER"
"Pro_73"	"Square D 20/40 QUAD BREAKER"
"Pro_74"	"Square D 20/50 QUAD BREAKER"
"Pro_75"	"Square D 1"" HUB"
"Pro_76"	"Square D 1-1/4"" HUB"
"Pro_77"	"#4 BARE COPPER"
"Pro_78"	"#6 BARE COPPER"
"Pro_79"	"#8 BARE COPPER"
"Pro_80"	"#10 BARE COPPER"
"Pro_81"	"#10 THHN/THWN-2 COPPER BLACK"
"Pro_82"	"#10 THHN/THWN-2 COPPER BLUE"
"Pro_83"	"#10 THHN/THWN-2 COPPER RED"
"Pro_84"	"#10 THHN/THWN-2 COPPER GREEN"
"Pro_85"	"#10 THHN/THWN-2 COPPER GRAY"
"Pro_86"	"#10 THHN/THWN-2 COPPER WHITE"
"Pro_87"	"#8 THHN/THWN-2 COPPER BLACK"
"Pro_88"	"#8 THHN/THWN-2 COPPER BLUE"
"Pro_89"	"#8 THHN/THWN-2 COPPER RED"
"Pro_90"	"#8 THHN/THWN-2 COPPER GREEN"
"Pro_91"	"#8 THHN/THWN-2 COPPER WHITE"
"Pro_92"	"#6 THHN/THWN-2 COPPER BLACK"
"Pro_93"	"#6 THHN/THWN-2 COPPER GREEN"
"Pro_94"	"#6 THHN/THWN-2 COPPER WHITE"
"Pro_95"	"#6 THHN/THWN-2 COPPER RED"
"Pro_96"	"#14 THHN SOLID BLACK"
"Pro_97"	"#14 THHN SOLID WHITE"
"Pro_98"	"#14 THHN SOLID GREEN"
"Pro_99"	"#14 THHN SOLID RED"
"Pro_100"	"#10 USE - 2 WIRE"
"Pro_101"	"#10 PV WIRE 2KV/1KV"
"Pro_102"	"CRIMP LUG #4/#6"
"Pro_103"	"3/4""CARFLEX/NONMETALLIC FLEX"
"Pro_104"	"1""CARFLEX/NONMETALLIC FLEX"
"Pro_105"	"1-1/4""CARFLEX/NONMETALLIC FLEX"
"Pro_106"	"1"" ALUMINUM FLEX"
"Pro_107"	"1-1/4"" ALUMINUM FLEX"
"Pro_108"	"1"" EMT"
"Pro_109"	"1-1/4"" EMT"
"Pro_110"	"1"" RUNNING THREAD"
"Pro_111"	"1""GALV COUPLING"
"Pro_112"	"1-1/4"" GALV COUPLING"
"Pro_113"	"1"" X CLOSE NIPPLE"
"Pro_114"	"1"" X 2"" NIPPLE"
"Pro_115"	"1"" X 4"" NIPPLE"
"Pro_116"	"1"" X 6"" NIPPLE"
"Pro_117"	"1-1/4""x CLOSE NIPPLE"
"Pro_118"	"1-1/4 X 2"" NIPPLE"
"Pro_119"	"1-1/4 X 4"" NIPPLE"
"Pro_120"	"1-1/4 X 6"" NIPPLE"
"Pro_121"	"1"" CHASE NIPPLE"
"Pro_122"	"1-1/4"" CHASE NIPPLE"
"Pro_123"	"1"" LB"
"Pro_124"	"1"" LL"
"Pro_125"	"1"" LR"
"Pro_126"	"1"" SHORT LB"
"Pro_127"	"1-1/4"" LB"
"Pro_128"	"1-1/4"" LL"
"Pro_129"	"1-1/4"" LR"
"Pro_130"	"1-1/4"" SHORT LB"
"Pro_131"	"1"" PLASTIC BUSHING"
"Pro_132"	"1-1/4"" PLASTIC BUSHING"
"Pro_133"	"1"" GROUND BUSHING"
"Pro_134"	"1-1/4"" GROUND BUSHING"
"Pro_135"	"PVC J-BOX 6X6X6"
"Pro_136"	"PVC J-BOX 6X6X4"
"Pro_137"	"PVC J-BOX 8X8X4"
"Pro_138"	"PVC J-BOX 12X12X4"
"Pro_139"	"1"" SHORT TELEPHONE 90"
"Pro_140"	"1"" LONG TELEPHONE 90"
"Pro_141"	"1"" RAINTITE CONN"
"Pro_142"	"1"" RAINTITE COUP"
"Pro_143"	"1-1/4"" RAINTITE CONN"
"Pro_144"	"1-1/4"" RAINTITE COUP"
"Pro_145"	"1"" EMT 1-HOLE STRAP"
"Pro_146"	"1"" RIGID/FLEX 1-HOLE STRAP"
"Pro_147"	"1-1/4"" EMT 1-HOLE STRAP"
"Pro_148"	"1-1/4"" RIGID/FLEX 1-HOLE STRAP"
"Pro_149"	"1"" FLEX CONN"
"Pro_150"	"1"" FLEX COUP"
"Pro_151"	"1"" FLEX TO EMT CONN"
"Pro_152"	"1-1/4"" FLEX CONN"
"Pro_153"	"1-1/4"" FLEX COUP"
"Pro_154"	"1"" INSULATED GROUND BUSHING"
"Pro_155"	"3/4"" EMT 1-HOLE STRAP"
"Pro_156"	"SQUARE D 35A DOUBLE PULL CIRCUIT BREAKER"
"Pro_157"	"SQUARE D 45A DOUBLE PULL CIRCUIT BREAKER"
"Pro_158"	"GE 35A DOUBLE PULL CIRCUIT BREAKER"
"Pro_159"	"2x4"
"Pro_160"	"2x3"
"Pro_161"	"2""x10' ABS pipe"
"Pro_162"	"1 1/2"" ABS pipe"
"Pro_163"	"Husky Contrator clean up bags 42gal 32 count"
"Pro_164"	"Stanley utility blades 50 count"
"Pro_165"	"Chemlink Nova Link Gray"
"Pro_166"	"Chemlink Nova Link White"
"Pro_167"	"Chemlink Nova Link Medium Bronze"
"Pro_168"	"Chemlink Nova Link Terra Cotta"
"Pro_169"	"Chemlink Clear"
"Pro_170"	"Chemlink M-1 Gray"
"Pro_171"	"Chemlink Tile Secure Medium bronze"
"Pro_172"	"Chemlink Tile Secure Terra Cotta"
"Pro_173"	"Chemlink Tile Secure Stone"
"Pro_174"	"WD-40"
"Pro_175"	"DAP Alex Ultra 230 Brown"
"Pro_176"	"DAP Alex Ultra 230 Almond"
"Pro_177"	"DAP Alex Ultra 230 Cedar Tan"
"Pro_178"	"GE SiliconeI Clear"
"Pro_179"	"GE SiliconeI White"
"Pro_180"	"Henry 212 crystal clear all purpose patch"
"Pro_181"	"Henry 208R Rubberized wet patch roof cement"
"Pro_182"	"Henry 209 Elastomastic roof patch"
"Pro_183"	"Hanson No melt lumber crayon 12 pack Red"
"Pro_184"	"Hanson No melt lumber crayon 12 pack Black"
"Pro_185"	"Hanson No melt lumber crayon 12 pack Yellow"
"Pro_186"	"Henry Asphalt Emulsion Sealer & Dampproofer"
"Pro_187"	"Rustoleum marking paint Red Orange"
"Pro_188"	"Rustoleum Cold Galvanizing Compound"
"Pro_189"	"Rustoleum Bright Galvanizing Compound"
"Pro_190"	"Rustoleum Gray Primer"
"Pro_191"	"Rustoleum Light Gray Primer"
"Pro_192"	"Rustoleum Dark Gray Primer"
"Pro_193"	"Rustoleum Rusty Metal Primer"
"Pro_194"	"Rustoleum Red Primer"
"Pro_195"	"Rustoleum Satin Espresso"
"Pro_196"	"Rustoleum Gloss Almond"
"Pro_197"	"Rustoleum Satin Fossil"
"Pro_198"	"Rustoleum Satin Granite"
"Pro_199"	"Rustoleum Satin Heirloom White"
"Pro_200"	"Rustoleum Satin Ivory Silk"
"Pro_201"	"Rustoleum Satin Cinnamon"
"Pro_202"	"Rustoleum Satin Shell White"
"Pro_203"	"Rustoleum Camouflage Deep Forest Green"
"Pro_204"	"Rustoleum Camouflage Earth Brown"
"Pro_205"	"Rustoleum Camouflage Army Green"
"Pro_206"	"Rustoleum  Camouflage Khaki"
"Pro_207"	"FGP Roof Accessory Premium Spray Paint Cedar"
"Pro_208"	"FGP Roof Accessory Premium Spray Paint Slate Gray"
"Pro_209"	"FGP Roof Accessory Premium Spray Paint Hickory"
"Pro_210"	"FGP Roof Accessory Premium Spray Paint Hunter Green"
"Pro_211"	"Intermodule Clamps 2.25 Black"
"Pro_212"	"Intermodule Clamps 2.25 Clear"
"Pro_213"	"Intermodule Clamps 2.50 Clear"
"Pro_214"	"Intermodule Clamps 2.75 Clear"
"Pro_215"	"Intermodule Clamps 2.75 Black"
"Pro_216"	"End Clamps 1.572 Black"
"Pro_217"	"End Clamps 1.660 Clear"
"Pro_218"	"End Clamps 1.810 Black"
"Pro_219"	"End Clamps 1.810 Clear"
"Pro_220"	"End Clamps 1.968 Clear"
"Pro_221"	"End Clamps 1.968 Black"
"Pro_222"	"Rail Channel Nut"
"Pro_223"	"Stainless Steel U-Bolt Asembly"
"Pro_224"	"Solar Wedge 5 Degree"
"Pro_225"	"Solar Wedge"
"Pro_226"	"Tile Trac"
"Pro_227"	"Tilt Up Kits"
"Pro_228"	"FAST JACK"
"Pro_229"	"PRO SOLAR SUPPORT RAIL 1.5"" 136"""
"Pro_230"	"PRO SOLAR SUPPORT RAIL 2.5"" 124"""
"Pro_231"	"PRO SOLAR SUPPORT RAIL 2.5"" 136"""
"Pro_232"	"PRO SOLAR SUPPORT RAIL 3"" 136"""
"Pro_233"	"PRO SOLAR SUPPORT RAIL 3"" 164"""
"Pro_234"	"PRO SOLAR SUPPORT RAIL 3"" 172"""
"Pro_235"	"SF Rail"
"Pro_236"	"SF Rail Cap"
"Pro_237"	"SF Rail Cap Screws"
"Pro_238"	"SF Rubber Cap Screws"
"Pro_239"	"SF Rail L brackets"
"Pro_240"	"SF Rail Splice Bar"
"Pro_241"	"SF Rail Rubber End Cap"
"Pro_242"	"SF Rail kit  (complete)"
"Pro_243"	"Ground Lug"
"Pro_244"	"Ground Lug"
"Pro_245"	"Ground Lug made Long"
"Pro_246"	"Ground Lug made Short"
"Pro_247"	"Ground Lug made Short"
"Pro_248"	"Long Silver Rail Cap"
"Pro_249"	"Long Silver SF Rail"
"Pro_250"	"Schedule 580 3/4""x8' PVC Grey"
"Pro_251"	"Schedule 580 1""x8' PVC Grey"
"Pro_252"	"Tilt Kit Aluminum Rods 20'"
"Pro_253"	"1/2""x10' Copper Pipe"
"Pro_254"	"3/4""x10' Copper Pipe"
"Pro_255"	"1""x10' Copper Pipe"
"Pro_256"	"1,1/2""x10' Copper Pipe"
"Pro_257"	"3/8""x10' Copper Pipe"
"Pro_258"	"Deep Channel Unistrut"
"Pro_259"	"Shallow Channel Unistrut"
"Pro_260"	"Schedule 40 PVC white 1""x10'"
"Pro_261"	"Schedule 40 PVC white 3/4""x10'"
"Pro_262"	"1"" Flex PVC 10'"
"Pro_263"	"1/2""x10' EMT"
"Pro_264"	"3/4""x10' EMT"
"Pro_265"	"Aleo S18240 Module"
"Pro_266"	"Aleo S79235 Module"
"Pro_267"	"Aleo S79240 Module"
"Pro_268"	"Canadian Solar CS6P Module"
"Pro_269"	"Sunpower 327 Module"
"Pro_270"	"Sunpower 240 Module"
"Pro_271"	"Sunpower 230 Module"
"Pro_272"	"Inverter battery charger"
"Pro_273"	"Sunny Boy 5000us"
"Pro_274"	"inverter disconnect"
"Pro_275"	"PVI 5000 W inverter"
"Pro_276"	"MNBE-A battery enclosure"
"Pro_277"	"MNBE-A battery enclosure"
"Pro_278"	"Blue Planet 2502xi"
"Pro_279"	"Fronius Inverter-8000f"
"Pro_280"	"Fronius Inverter-11401f"
"Pro_281"	"SPR Monitoring"
"Pro_282"	"SPR Monitoring"
"Pro_283"	"SPR Fronius-6501f-IUNI"
"Pro_284"	"SPR Fronius-3301f-IUNI"
"Pro_285"	"SPR-SMA-3000M"
"Pro_286"	"SPR-SMA-3000M"
"Pro_287"	"SPR-SMA-4000M"
"Pro_288"	"SPR-SMA-3000M"
"Pro_289"	"SPR-SMA-3000M"
"Pro_290"	"SPR-DC-DISC-M-US"
"Pro_291"	"SPR-DC-DISC-M-US"
"Pro_292"	"SPR-DC-DISC-M-US"
"Pro_293"	"SPR-DC-DISC-M-US"
"Pro_294"	"Field mod kit-GTUL01"
"Pro_295"	"SPR-DMR-ENC"
"Pro_296"	"SPR-5000-TL-I Power one"
"Pro_297"	"SPR-6000-TL-I Power One"
"Pro_298"	"SPR-6000-TL-I Power One"
"Pro_299"	"SPR-4200-TL-I Power One"
"Pro_300"	"Rustoleum Satin Nutmeg Spraypaint"
"Pro_301"	"3 in 1 Oil"
"Pro_302"	"Goof Off"
"Pro_303"	"Rustoleum Flat Black"
"Pro_304"	"Power Gray Loctite"
"Pro_305"	"Homax Ceiling Texture"
"Pro_306"	"Homax Knock Down Texture"
"Pro_307"	"Tribuilt Tile Red"
"Pro_308"	"Self Tappes Tech Screws"
"Pro_309"	"Rail Bolts"
"Pro_310"	"1/4"" Beam Clamps"
"Pro_311"	"1"" Conduit Hangers"
"Pro_312"	"1"" One Hole Strap "
"Pro_313"	"1/2"" Black Button Push In Connector"
"Pro_314"	"1"" RD SE Cable Connector"
"Pro_315"	"1/8"" Insulated Multi Tap Connector"
"Pro_316"	"2 Hole Wire Connector"
"Pro_317"	"1"" Pipe Nail Straps"
"Pro_318"	"1"" Pull 90"
"Pro_319"	"1"" Offset Nipple"
"Pro_320"	"3/4"" One Hole Set EMT"
"Pro_321"	"3"" Grounding Bar Kit"
"Pro_322"	"8"" Grounding Bar Kit"
"Pro_323"	"2-8 Crimpit"
"Pro_324"	"6-4 Crimpit"
"Pro_325"	"Universal Ground Rod Clamp"
"Pro_326"	"1/2"" - 1""Ground Clamp"
"Pro_327"	"Set Screw Wire Connector"
"Pro_328"	"Electrical Spring Connector"
"Pro_329"	"Class R Fuse Reducer"
"Pro_330"	"Porcelain Lampholder Keyless"
"Pro_331"	"Smoke and Carbon Monoxide Alarm"
"Pro_332"	"Kiddie-Carbon Monoxide Alarm"
"Pro_333"	"Code One-Carbon Monoxide Alarm"
"Pro_334"	"First Alert-Carbon Monoxide Alarm"
"Pro_335"	"Automatic Security Light Kit"
"Pro_336"	"Meter Sockets"
"Pro_337"	"Meters"
"Pro_338"	"Locus Monitors"
"Pro_339"	"#2 WIRE BLK"
"Pro_340"	"#2 WIRE RED"
"Pro_341"	"#2 WIRE GREEN"
"Pro_342"	"#2 WIRE WHITE"
"Pro_343"	"#4 WIRE BLK"
"Pro_344"	"#4 WIRE RED"
"Pro_345"	"#4 WIRE GREEN"
"Pro_346"	"#4 WIRE WHITE"
"Pro_347"	"#12 WIRE SOLID WHITE"
"Pro_348"	"#12 WIRE SOLID RED"
"Pro_349"	"#12 WIRE SOLID BLK"
"Pro_350"	"#12 WIRE SOLID YELLOW"
"Pro_351"	"#12 STRANDED WIRE GREEN"
"Pro_352"	"#12 STRANDED WIRE BLUE"
"Pro_353"	"#12 STRANDED WIRE RED"
"Pro_354"	"#12 STRANDED WIRE WHITE"
"Pro_355"	"#12 STRANDED WIRE ORANGE"
"Pro_356"	"3/4"" ALUMINUM FLEX"
"Pro_357"	"Model 508S Tempo Wire Finder"
"Pro_358"	"Makita Light"
"Pro_359"	"2 Stage Epoxy Gun"
"Pro_360"	"50' Air Hoses"
"Pro_361"	"Bay of 80 ear plugs"
"Pro_362"	"Harness roof mounts"
"Pro_363"	"Boxes of straight blades for knife"
"Pro_364"	"Harness"
"Pro_365"	"Safety Goggles"
"Pro_366"	"Dust Masks"
"Pro_367"	"Husky Trash Bags"
"Pro_368"	"Re-usable Ear Plugs"
"Pro_369"	"Dust Pan"
"Pro_370"	"Paint Roller Semi Smooth Surface"
"Pro_371"	"Med Bronze"
"Pro_372"	"PVAC 10 Output Cable"
"Pro_373"	"Stucco Tray"
"Pro_374"	"Hamk"
"Pro_375"	"Concrete Broom"
"Pro_376"	"Wood Floats"
"Pro_377"	"Pool Trowels"
"Pro_378"	"Magnesium Float"
"Pro_379"	"Notch Broom"
"Pro_380"	"Knotch Trowel"
"Pro_381"	"Edging Trowel"
"Pro_382"	"Joiner"
"Pro_383"	"Mixing Paddles"
"Pro_384"	"Spade Trowels"
"Pro_385"	"Maraine Trowels"
"Pro_386"	"Stucco Float"
"Pro_387"	"S-Tile Flashings"
"Pro_388"	"M-Tile Flashings"
"Pro_389"	"208R Tubes"
"Pro_390"	"212 Tubes"
"Pro_391"	"Brown DAP"
"Pro_392"	"Almond DAP Tubes"
"Pro_393"	"Cedar Tan DAP Tubes"
"Pro_394"	"Liquid Nail"
"Pro_395"	"900 Henry Tubes"
"Pro_396"	"100 Silicone White"
"Pro_397"	"Roberts Wall Base Adhexive 7200"
"Pro_398"	"Fire Barrier Sealant CP25 Net"
"Pro_399"	"Clear DAP"
"Pro_400"	"Chemlink Clear General Purpose Sealant"
"Pro_401"	"3m 560 Polyurethane"
"Pro_402"	"Suntrek bond roofing sealant"
"Pro_403"	"Gray Nova Link"
"Pro_404"	"White Nova Link"
"Pro_405"	"Old Style Stand Off Washers"
"Pro_406"	"Terra Cotta Nova Link"
"Pro_407"	"8d Ext Galvanized 2.5"""
"Pro_408"	"Roof Nails"
"Pro_409"	"2 3/8 x 113 Nails"
"Pro_410"	"2.75 Roofing Nails"
"Pro_411"	"Hitachi 2 3/8 x.118"
"Pro_412"	"21'3"" x .131 Smooth Shank"
"Pro_413"	"1-3/4 Staples"
"Pro_414"	"Metal Cap Roof Nails"
"Pro_415"	"1-1/4 Coil Nails"
"Pro_416"	"3/4 Coil Nails"
"Pro_417"	"1"" Coil Nails"
"Pro_418"	"21'3-1/2"" x .162"
"Pro_419"	"Quick Mount Boxes"
"Pro_420"	"All Threads"
"Pro_421"	"Long Sliders"
"Pro_422"	"Short Sliders"
"Pro_423"	"Nuts"
"Pro_424"	"Big Washers"
"Pro_425"	"Flashing"
"Pro_426"	"Lag Bolts"
"Pro_427"	"Smaller Washers"
"Pro_428"	"Female Connector to MC"
"Pro_429"	"Female Connector to Insulator"
"Pro_430"	"Male Connector to MC"
"Pro_431"	"Male Connector to Insulator"
"Pro_432"	"Terminator End Cap"
"Pro_433"	"Terminator Cap for Rope"
"Pro_434"	"AC PV Terminator Cap End Male"
"Pro_435"	"AC PV Terminator Cap End Female"
"Pro_436"	"Aurora Terminator Cap"
"Pro_437"	"Aurora Terminator Cap Removal Tool"
"Pro_438"	"Terminator Cap Removal Tool"
"Pro_439"	"Rope Splice"
"Pro_440"	"3/4"" Rigid Pipe Full"
"Pro_441"	"1-1/2"" Rigid Pipe 4"
"Pro_442"	"1-1/2"" Conduit 4"
"Pro_443"	"1-1/4"" Conduit Full"
"Pro_444"	"1-1/2"" Conduit Full"
"Pro_445"	"1"" Conduit Full"
"Pro_446"	"3/4"" Conduit Full"
"Pro_447"	"1/2"" Conduit Full"
"Pro_448"	"1-1/4"" Pipe Bender"
"Pro_449"	"#10 BROWN"
"Pro_450"	"#10 ORANGE"
"Pro_451"	"5/16 x 2.25 HEX CAP SCREW STAINLESS STEEL"
"Pro_452"	"5/16 X 2.5 HEX CAP SCREW STAINLESS STEEL"
"Pro_453"	"SF RAIL TECH SCREWS"
"Pro_454"	"Sideways Wire Clips"
"Pro_455"	"3"" Primeguard Exterior Screw"
"Pro_456"	"Fixed 8"" Stand Off"
"Pro_457"	"3-1/2"" 2P Lag Bolt"
"Pro_458"	"3/8 x 1-1/4"" SS Bolt"
"Pro_459"	"3/8 SS Lock Washer"
"Pro_460"	"Rain Boots (Pairs)"
"Pro_461"	"Chemlink 4"" E-Curlo Kit"
"Pro_462"	".9 Gal Can of 107 Henly"
"Pro_463"	".9 Gal Can of 209 Henly"
"Pro_464"	".9 Gal Can of 208 Henly"
"Pro_465"	"4"" x 150' Henry Roof Repair Fabric"
"Pro_466"	"16d 3.5 Hot Dipped Galvanized (LBS)"
"Pro_467"	"8d 2.5 Exterior 5000 Galvanized (LBS)"
"Pro_468"	"8d 2-3/8 Coated Sinker (LBS)"
"Pro_469"	"ACER ASPIRE 1 LAP TOP"
"Pro_470"	"D-LINK 8 PORT ETHERNET SWITCH"
"Pro_471"	"ACTIONTEC POWERLINE NETWORK ADAPTER"
"Pro_472"	"#12 THHN SOLID GREEN"
"Pro_473"	"STANLEY 300' TAPE"
"Pro_474"	"WERNER 32' LADDER"
"Pro_475"	"WERNER 16' LADDER"
"Pro_476"	"WERNER 4' STOOL"
"Pro_477"	"EASYSHARE KODAK CAMERA WITH CASE"
"Pro_478"	"CE ZIP TIES 8"""
"Pro_479"	"EATON 15 A AFC BREAKER"
"Pro_480"	"CUTLER HAMMER 2 POLE 15 A BREAKER"
"Pro_481"	"CUTLER HAMMER SPLIT 15 A BREAKER"
"Pro_482"	"MURRAY 15 A BREAKER"
"Pro_483"	"EATON 15 A BREAKER"
"Pro_484"	"BUSSMAN KLM 1 A FUSE"
"Pro_485"	"BUSSMAN KLM 15 A FUSE"
"Pro_486"	"SQUARE D SPLIT 15 A BREAKER"
"Pro_487"	"SQUARE D 15 A BREAKER"
"Pro_488"	"SQUARE D 20 A BREAKER"
"Pro_489"	"SQUARE D 2 POLE 20 A BREAKER"
"Pro_490"	"WI-FI ADAPTER NETGEAR"
"Pro_491"	"LEVITON WALL PLATES"
"Pro_492"	"LEVITON 15 A OUTLETS"
"Pro_493"	"ENPHASE 100 MBPS POWELINE NETWORK ADAPTORS"
"Pro_494"	"SPR 100 MBPS POWERLINE NETWORK ADAPTORS"
"Pro_495"	"NETGEAR 100 MBPS POWERLINE NETWORK ADAPTERS"
"Pro_496"	"PROJECT SOURCE 3 OUTLET ADAPTER"
"Pro_497"	"15 A LIGHT SWITCH"
"Pro_498"	"2 PRONG OUTLET ADAPTER"
"Pro_499"	"IDEAL IN SURE WIRE CONNECTORS, 2 PORT"
"Pro_500"	"LOW VOLT STAPLES 1/4"" GARDNER BENDER"
"Pro_501"	"NETGEAR 5 PORT SWITCH"
"Pro_502"	"6 OUTLET POWER STRIP"
"Pro_503"	"ETHERNET CABLES 6'"
"Pro_504"	"ETHERNET CABLES 6"""
"Pro_505"	"RS485 CABLE"
"Pro_506"	"RS232 CABLE"
"Pro_507"	"100 A CTS"
"Pro_508"	"1/2"" LIQUIDTITE FLEX"
"Pro_509"	"3/4"" LIQUIDTITE FLEX FITTING STRAIGHT"
"Pro_510"	"3/4"" LIQUIDTITE FLEX 90 FITTING"
"Pro_511"	"1/2"" LIQUIDTITE STRAIGHT FITTING"
"Pro_512"	"1/2"" LIQUIDTITE 90 FITTING"
"Pro_513"	"CE TECH COAXIAL CABLE BUSHINGS"
"Pro_514"	"1/2"" CORD GRIPS"
"Pro_515"	"SIEMENS 15 A BREAKER"
"Pro_516"	"CUTLER HAMMER 15 A BREAKER"
"Pro_517"	"CUTLER HAMMER 20 A BREAKER"
"Pro_518"	"GREEN ANCHORS"
"Pro_519"	"BREAKER 20 A 1 POLE"
"Pro_520"	"BREAKER 15 A 1 POLE"
"Pro_521"	"BREAKER 30 A 2 POLE"
"Pro_522"	"BREAKER 15 A 2 POLE"
"Pro_523"	"BREAKER 35 A 2 POLE"
"Pro_524"	"3/4"" FLEX CONNECTOR"
"Pro_525"	"4 x 4 J BOX"
"Pro_526"	"ODD ATTENA"
"Pro_527"	"ZEXEL WIRELESS NETWORK ADAPTOR"
"Pro_528"	"RS485 GREEN CABLE"
"Pro_529"	"RS485 RED CABLE"
"Pro_530"	"MASTER LOCKS"
"Pro_531"	"6 X 1005 SWITCH"
"Pro_532"	"WIRE NUTS"
"Pro_533"	"CAT 6 (FEET)"
"Pro_534"	"SHOP RAGS (BAG)"
"Pro_535"	"STUCCO PATCH (BAG)"
"Pro_536"	"3/8"" POLY POLL STRING"
"Pro_537"	"TROE TAPE"
"Pro_538"	"INSULATED MULTITAP CONNECTOR 2 PORT"
"Pro_539"	"INSULATED MULTITAP CONNECTOR 3 PORT"
"Pro_540"	"INSULATED MULTITAP CONNECTOR 4 PORT"
"Pro_541"	"WIRE NUT RED 3M"
"Pro_542"	"WIRE NUT BLUE 3M"
"Pro_543"	"SET SCREW WIRE NUT IDEAL"
"Pro_544"	"3M FIRE BLOCK"
"Pro_545"	"GREAT STUFF EXPANDING FOAM"
"Pro_546"	"MYERS HUB"
"Pro_547"	"3/4"" SEAL TIGHT CONNECTOR"
"Pro_548"	"3/4"" SEAL TIGHT CONNECTOR 90"
"Pro_549"	"3/4"" STRAIN RELIEF CONNECTOR"
"Pro_550"	"1"" STRAIN RELIEF CONNECTOR"
"Pro_551"	"1/2"" K/O SEALS"
"Pro_552"	"1"" STRUT STRAP"
"Pro_553"	"PANEL CLIPS"
"Pro_554"	"EXTENSION CORD - 100'"
"Pro_555"	"CONE"
"Pro_556"	"ROOF PAPER (SQUARE FEET)"
"Pro_557"	"LEAF BLOWER"
"Pro_558"	"5/16 X 1/4 TECH SCREW"
"Pro_559"	"CRIMP LUG #2/#4"
"Pro_560"	"SF PANEL CLIPS"
"Pro_561"	"BODY SUIT"
"Pro_562"	"HAND CLEANER"
"Pro_563"	"ZIP TIES - STAINLESS"
"Pro_564"	"ZIP TIES - PLASTIC"
"Pro_565"	"CHAINS AND LOCK"
"Pro_566"	"MC CRIMPER"
"Pro_567"	"RATCHET STEEPS"
"Pro_568"	"4-1/2"" GRADE BLADE"
"Pro_569"	"3/16"" DRILL BIT"
"Pro_570"	"3/16"" PILOT BIT"
"Pro_571"	"1/4"" PILOT BIT"
"Pro_572"	"SCREWTIGHT BLADES 5"""
"Pro_573"	"IRREVERSIBLE GROUND CRIMPER"
"Pro_574"	"LADDER STRAP"
"Pro_575"	"CHALK LINE"
"Pro_576"	"HAND BRUSKS"
"Pro_577"	"1-5/8"" EXTERIOR SCREWS"
"Pro_578"	"1"" ROOFING NAILS (1 LB)"
"Pro_579"	"1"" PIPE BENDER"
"Pro_580"	"PUSH BROOM"
"Pro_581"	"CAMERA"
"Pro_582"	"CLIP BOARD"
"Pro_583"	"FIRST AID KIT"
"Pro_584"	"MC4 NEGATIVES"
"Pro_585"	"MC4 POSITIVES"
"Pro_586"	"MC 4 METAL POSITIVE"
"Pro_587"	"MC4 METAL NEGATIVE"
"Pro_588"	"1-1/2"" FART TUBE 90"
"Pro_589"	"2"" FART TUBE 90"
"Pro_590"	"1-1/2"" FART TUBE 45"
"Pro_591"	"1"" CLAMP - RUBBER LINED"
"Pro_592"	"1"" CLAMP - PIPE"
"Pro_593"	"1"" X 1-1/2"" NIPPLE"
"Pro_594"	"1"" SLB"
"Pro_595"	"1"" X 1-1/4"" NIPPLE"
"Pro_596"	"PANEL GROUNDS"
"Pro_597"	"3/8"" - 3/4"" SOCKET CAP SCREWS"
"Pro_598"	"SF RAIL CAP BOLTS"
"Pro_599"	"SHOP VAC"
"Pro_600"	"LADDER 24'"
"Pro_601"	"4' A FRAME"
"Pro_602"	"8' A FRAME"
"Pro_603"	"10' X 10' EZ UP"
"Pro_604"	"WIRE CART"
"Pro_605"	"ROLE CART"
"Pro_606"	"ROPE (SAFETY)"
"Pro_607"	"CLEAT (SAFETY)"
"Pro_608"	"CRIMP LUG #8/#10"
"Pro_609"	"CRIMP LUG #5/#8"
"Pro_610"	"BREAKER SQUARE D 40 A 2 POLE"
"Pro_611"	"BREAKER SQUARE D 50 A 2 POLE"
"Pro_612"	"BREAKER SQUARE D 60 A 2 POLE"
"Pro_613"	"Square D 15/35 QUAD BREAKER"
"Pro_614"	"BREAKER SQUARE D 25 A 2 POLE"
"Pro_615"	"BREAKER SQUARE D 45 A 2 POLE"
"Pro_616"	"1"" CORE GRIP"
"Pro_617"	"3/4"" CORE GRIP"
"Pro_618"	"1"" SCREW CONNECTOR"
"Pro_619"	"1"" SCREW COUPLINGS"
"Pro_620"	"1/2"" 2 SCREW CONNECTORS"
"Pro_621"	"1"" 2 SCREW CONNECTORS"
"Pro_622"	"1-1/4"" 2 SCREW CONNECTORS"
"Pro_623"	"1-1/2"" 2 SCREW CONNECTORS"
"Pro_624"	"2"" 2 SCREW CONNECTORS"
"Pro_625"	"1/2"" PLASTIC BUSHING"
"Pro_626"	"3/4"" PLASTIC BUSHING"
"Pro_627"	"1-1/2 PLASTIC BUSHING"
"Pro_628"	"2"" PLASTIC BUSHING"
"Pro_629"	"2"" PVC CONNECTOR"
"Pro_630"	"2"" LOCK RINGS"
"Pro_631"	"3"" PVC CONNECTOR"
"Pro_632"	"3"" LOCK RINGS"
"Pro_633"	"3/8 ONE HOLE STRAP"
"Pro_634"	"1/4"" ONE HOLE STRAP"
"Pro_635"	"8"" CABLE TIES"
"Pro_636"	"2"" - 1-1/2"" REDUCER WASHERS"
"Pro_637"	"2-1/2"" - 2"" REDUCER WASHERS"
"Pro_638"	"1-1/4"" - 1"" REDUCER WASHERS"
"Pro_639"	"1"" - 3/4"" REDUCER WASHER"
"Pro_640"	"3/4"" LIQUID TIGHT CONNECTOR"
"Pro_641"	"3/4"" 90 LT CONNECTOR"
"Pro_642"	"3/4"" K/O SEALS"
"Pro_643"	"1"" K/O SEALS"
"Pro_644"	"1-3/4"" K/O SEALS"
"Pro_645"	"1-1/4"" - 1-1/2"" GROUND CLAMP"
"Pro_646"	"1-2"" - 5/8"" GROUNDING ACORN"
"Pro_647"	"3 HOLE WIRE CONNECTOR"
"Pro_648"	"4 HOLE WIRE CONNECTOR"
"Pro_649"	"GROUND BAR KIT"
"Pro_650"	"2 PORT QUICK CONNECTOR"
"Pro_651"	"3 PORT QUICK CONNECTOR"
"Pro_652"	"3M ELECTRICAL SPRING CONNECTOR"
"Pro_653"	"ALUMINUM J BOX PLATES"
"Pro_654"	"1"" ROUND FLASHINGS"
"Pro_655"	"SMOKE ALARMS"
"Pro_656"	"CARBON ALARMS"
"Pro_657"	"12 - 2 ROMEX"
"Pro_658"	"#6 ARMOR CABLE"
"Pro_659"	"#2 WOOD SCREWS"
"Pro_660"	"3/4"" TECH SCREWS"
"Pro_661"	"1-1/4"" TECH SCREWS"
"Pro_662"	"1/4"" X 1-1/2"" LAGS"
"Pro_663"	"5/16"" X 3"" LAGS"
"Pro_664"	"3/8"" X 3"" LAGS"
"Pro_665"	"3/8"" FLAT WASHER"
"Pro_666"	"1"" LOCK RING"
"Pro_667"	"BLACK TAPE (ROLL)"
"Pro_668"	"GREEN TAPE (ROLL)"
"Pro_669"	"RED TAPE (ROLL)"
"Pro_670"	"WHITE TAPE (ROLL)"
"Pro_671"	"BLACK END CAP SCREW"
"Pro_672"	"OLD STYLE PRODUCTION METER"
"Pro_673"	"1-1/4"" OVERHEAD"
"Pro_674"	"1/2"" FLEX TO FLEX CONNECTOR"
"Pro_675"	"1/2"" RIGID COUPLING"
"Pro_676"	"RUSTOLEUM FLAT WHITE"
"Pro_677"	"1"" CORD GRIP"
"Pro_678"	"3/4"" CORD GRIP"
"Pro_679"	"SEAL TIGHT - 3/4"" 90 CONNECTOR"
"Pro_680"	"SEAL TIGHT - 3/4"" CONNECTOR"
"Pro_681"	"SEAL TIGHT - 1/2"" CONNECTOR"
"Pro_682"	"SEAL TIGHT - 1/2"" 90 CONNECTOR"
"Pro_683"	"SEAL TIGHT - 1"" CONNECTOR"
"Pro_684"	"SEAL TIGHT - 1"" 90 CONNECTOR"
"Pro_685"	"1/4 X 1/4 FENDER WASHER"
"Pro_686"	"8 X 1/2 SELF TAPER"
"Pro_687"	"1-1/4"" DRYWALL SCREW"
"Pro_688"	"UNIVERSAL CRIMP"
"Pro_689"	"3/4"" PIPE BENDER"
"Pro_690"	"BREAKER - 20 A SLIM"
"Pro_691"	"BREAKER - 15 A SLIM"
"Pro_692"	"Square D 20/25 QUAD BREAKER"
"Pro_693"	"BREAKER - 125 A 2 POLE"
"Pro_694"	"Square D 40/40 QUAD BREAKER"
"Pro_695"	"Square D 50/50 QUAD BREAKER"
"Pro_696"	"Square D 50/30 QUAD BREAKER"
"Pro_697"	"Square D 40/30 QUAD BREAKER"
"Pro_698"	"Square D 30/30 QUAD BREAKER"
"Pro_699"	"BREAKER - 30 A SLIM"
"Pro_700"	"STRUT PIPE CLAMP"
"Pro_701"	"CLAMP DOWN, 2 SCREW"
"Pro_702"	"1/2"" THREADED"
"Pro_703"	"SPLIT BOLT"
"Pro_704"	"1"" ROMEX CONNECTOR"
"Pro_705"	"3/4"" ROMEX CONNECTOR"
"Pro_706"	"1/2"" ROMEX CONNECTOR"
"Pro_707"	"3/4"" 2 SCREW CONNECTORS"
"Pro_708"	"1/2"" BLACK CONNECTOR"
"Pro_709"	"3/4"" BLACK CONNECTOR"
"Pro_710"	"ROOF FELT (ROLL)"
"Pro_711"	"SF RAIL WEEB CLIPS"
"Pro_712"	"SF RAIL GROUND CLIPS"
"Pro_713"	"WEEB CLIP"
"Pro_714"	"ACPB WEEB CLIP"
"Pro_715"	"ACPB TOP CLIP"
"Pro_716"	"2 WIRE PANEL CLIP"
"Pro_717"	"1 WIRE PANEL CLIP"
"Pro_718"	"ENPHASE TRUNK WIRE CLIP"
"Pro_719"	"5/16"" X 1 HEX BOLT"
"Pro_720"	"LONG SILVER CAP RAIL"
"Pro_721"	"FULL C CHANNEL 2"""
"Pro_722"	"SHORT C CHANNEL 2"""
"Pro_723"	"1-1/2"" FAT TUBE FULL"
"Pro_724"	"1-1/2"" FART TUBE >5'"
"Pro_725"	"1"" C CHANNEL 11'"
"Pro_726"	"1-1/2"" FART TUBE <5'"
"Pro_727"	"LONG BLACK CAP RAIL"
"Pro_728"	"2"" FART TUBE FULL"
"Pro_729"	"2"" FART TUBE >5'"
"Pro_730"	"2"" FART TUBE <5'"
"Pro_731"	"1"" PVC 90"
"Pro_732"	"3/4"" PVC 45"
"Pro_733"	"1-1/2"" PVC 45"
"Pro_734"	"1-1/2"" PVC 80"
"Pro_735"	"2"" PVC GRAY"
"Pro_736"	"3/4"" PVC GRAY"
"Pro_737"	"1"" PVC S40"
"Pro_738"	"1"" PVC 580"
"Pro_739"	"3/4"" PVC 580"
"Pro_740"	"1/2"" PVC SWD"
"Pro_741"	"1/2"" PVC 580"
"Pro_742"	"1"" PVC 540"
"Pro_743"	"3/4"" PVC 540"
"Pro_744"	"1"" PVC FULL"
"Pro_745"	"Tilt Kit Aluminum Rods 3'"
"Pro_746"	"Tilt Kit Aluminum Rods 4'"
"Pro_747"	"1""x 6-8' Copper Pipe"
"Pro_748"	"1"" RAINTIGHT COUPLINGS"
"Pro_749"	"1"" NIPPLE CONNECTOR"
"Pro_750"	"2"" CONDUIT HANGER"
"Pro_751"	"3"" STRUT STRAP"
"Pro_752"	"1"" INDOOR SET SCREW CONNECTOR"
"Pro_753"	"1-1/4"" STRUT STRAP"
"Pro_754"	"1"" EMT LIQUID TIGHT CONNECTOR"
"Pro_755"	"1"" 90 TELEPHONE METALLIC LONG"
"Pro_756"	"1"" 90 TELEPHONE METALLIC SHORT"
"Pro_757"	"1-1/4"" CONDUIT HANGER"
"Pro_758"	"1-1/2"" GROUND BUSHING"
"Pro_759"	"1-1/4"" OFFSET NIPPLE"
"Pro_760"	"1-1/4"" 2 HOLE STRAP"
"Pro_761"	"2"" RAINTIGHT CONNECTOR"
"Pro_762"	"1-1/4"" PVC COUPLING"
"Pro_763"	"1-1/4"" FEMALE ADAPTER"
"Pro_764"	"1-1/4"" PVC CONNECTOR"
"Pro_765"	"1-1/4"" EMT CONNECTOR"
"Pro_766"	"2-1/4"" METALLIC COUPLING"
"Pro_767"	"1-1/4"" EMT TO LIQUID TIGHT"
"Pro_768"	"1-1/4"" LR"
"Pro_769"	"1"" CONNECTOR"
"Pro_770"	"2"" RAINTIGHT COUPLING"
"Pro_771"	"1-1/4"" LL"
"Pro_772"	"2"" POWER STRUT"
"Pro_773"	"1-1/4"" 1 HOLE STRAP"
"Pro_774"	"1-1/2"" METALLIC COUPLING NIPPLE"
"Pro_775"	"1-1/2"" LIQUID TIGHT"
"Pro_776"	"1-1/4 STRUT STRAP"
"Pro_777"	"3"" RAINTIGHT COUPLING"
"Pro_778"	"1"" 2 HOLE STRAP"
"Pro_779"	"2"" BOLT-ON HUB"
"Pro_780"	"1"" BOLT-ON HUB"
"Pro_781"	"1-1/4"" BOLT-ON HUB"
"Pro_782"	"BREAKER - 40 A 1 POLE"
"Pro_783"	"BREAKER - 15/20 A 1 POLE"
"Pro_784"	"1-1/4"" POWER STRUT"
"Pro_785"	"1-1/2"" OFFSET NIPPLE"
"Pro_786"	"1-1/4"" CONDUIT LOCK HURTS"
"Pro_787"	"1-1/4"" FLEX CONDUIT CONNECTOR"
"Pro_788"	"1/2"" EMT CONDUIT HANGER"
"Pro_789"	"3/4"" EMT HW CONDUIT HANGER"
"Pro_790"	"1/4"" EMT HW CONDUIT HANGER"
"Pro_791"	"THREADED HUB"
"Pro_792"	"3"" RIGID NIPPLE"
"Pro_793"	"30 OFFSET BEND"
"Pro_794"	"1-1/2"" EMT CONNECTOR"
"Pro_795"	"1-1/2"" COUPLING"
"Pro_796"	"1-1/2"" RIGID"
"Pro_797"	"1-1/2"" NIPPLE"
"Pro_798"	"1-1/2"" CONDUIT HANGER"
"Pro_799"	"1-1/2"" THREADED HUB"
"Pro_800"	"3"" CONDUIT CONNECTOR"
"Pro_801"	"3"" CONDUIT HANGER"
"Pro_802"	"3"" THREADED HUB"
"Pro_803"	"2 SCREW COUPLING"
"Pro_804"	"3/4"" EMT COUPLING"
"Pro_805"	"1"" RAINTIGHT CONNECTOR"
"Pro_806"	"3/4"" MALE CONNECTOR"
"Pro_807"	"3/4"" 2 HOLE PVC HW STRAP"
"Pro_808"	"1/2"" 1 HOLE EMT STRAP"
"Pro_809"	"3/4"" EMT TO FLEX CONNECTOR"
"Pro_810"	"3/4"" 90 TELEPHONE"
"Pro_811"	"1-1/2"" X 3/4"" CLOSE NIPPLE"
"Pro_812"	"3/4"" X 2"" OPEN NIPPLE"
"Pro_813"	"3/4"" PVC COUPLING"
"Pro_814"	"3/4"" TELEPHONE 90"
"Pro_815"	"3/4"" 90 ELBOW METTALIC"
"Pro_816"	"3/4"" PVC 90"
"Pro_817"	"3/4"" EMT SHORT LB"
"Pro_818"	"3/4"" EMT LB"
"Pro_819"	"3/4"" EMT LL"
"Pro_820"	"1"" EMT LB"
"Pro_821"	"1"" EMT LR"
"Pro_822"	"1"" OFFSET CONDUIT NIPPLE"
"Pro_823"	"1"" RAINTIGHT EMT CONNECTOR"
"Pro_824"	"1"" RT COUPLER"
"Pro_825"	"1"" 1 HOLE STRAP"
"Pro_826"	"J NAIL"
"Pro_827"	"1"" INDOOR COUPLING"
"Pro_828"	"1"" EMT TO FLEX CONNECTOR"
"Pro_829"	"1"" LOCK WASHER"
"Pro_830"	"1"" FLEX TO FLEX CONNECTOR"
"Pro_831"	"2"" 90 STREET ELBOW"
"Pro_832"	"2"" X 2.25"" ELBOW"
"Pro_833"	"2"" COUPLER PVC"
"Pro_834"	"2"" 90 ELBOW"
"Pro_835"	"2"" METAL COUPLING"
"Pro_836"	"1-1/2"" 45 STREET ELBOW"
"Pro_837"	"1-1/2"" X 2.25"" STREET ELBOW"
"Pro_838"	"1-1/2"" X 2.25"" ELBOW"
"Pro_839"	"1"" EMT COUPLING"
"Pro_840"	"1"" TRANSITION EMT/FMC COUPLING"
"Pro_841"	"1"" THREADED HUB"
"Pro_842"	"1"" FLEX CONDUIT CONNECTOR"
"Pro_843"	"3/4"" WEATHER TELEPHONE 90"
"Pro_844"	"3/4"" STRAIGHT PVC LIQUID TIGHT CONNECTOR"
"Pro_845"	"LIQUID TIGHT CORD"
"Pro_846"	"1"" STRAIGHT STRAIN RELIEF CORD"
"Pro_847"	"1"" LIQUID TIGHT STRAIGHT FITTING"
"Pro_848"	"1-1/4"" RAINTIGHT EMT COUPLING"
"Pro_849"	"1-1/4"" RAINTIGHT EMT CONNECTOR"
"Pro_850"	"1-1/4"" PIPE STRAP EMT 1 HOLE"
"Pro_851"	"1-1/4"" FLEX CONDUIT CONNECTOR"
"Pro_852"	"1-1/4"" CONDUIT BODY WITH COVER LB"
"Pro_853"	"1-1/2"" X 4 NIPPLE METALLIC"
"Pro_854"	"1-3/4"" X 4 NIPPLE METALLIC"
"Pro_855"	"1-1/4"" EMT COUPLING"
"Pro_856"	"2"" X 2"" RUBBER COUPLING"
"Pro_857"	"1"" EMT CONDUIT HANGER"
"Pro_858"	"3/4"" EMT CONDUIT HANGER"
"Pro_859"	"1-1/2"" EMT CONDUIT HANGER"
"Pro_860"	"1-1/2"" X 1-1/2"" RUBBER COUPLING"
"Pro_861"	"3/4"" RAINTIGHT EMT COUPLING"
"Pro_862"	"3/4"" LOCK NUT"
"Pro_863"	"3/4"" EMT CONNECTOR NIPPLE"
"Pro_864"	"3/4"" PVC 2 HOLE STRA["
"Pro_865"	"3/4"" EMT PVC 2 HOLE"
"Pro_866"	"3/4"" STRUT STRAP"
"Pro_867"	"3/4"" PLASTIC PUSH IN CONNECTOR"
"Pro_868"	"3/4"" 1 HOLE EMT STRAP"
"Pro_869"	"3/4"" 1 HOLE PVC STRAP"
"Pro_870"	"3/4"" EMT INDOOR COUPLER"
"Pro_871"	"3/4"" RAINTIGHT EMT CONNECTOR"
"Pro_872"	"WHITE ELECTRICAL TAPE"
"Pro_873"	"GREEN ELECTRICAL TAPE"
"Pro_874"	"RED ELECTRICAL TAPE"
"Pro_875"	"BLACK ELECTRICAL TAPE"
"Pro_876"	"BLUE ELECTRICAL TAPE"
"Pro_877"	"GRAY ELECTRICAL TAPE"
"Pro_878"	"PURPLE PRIMER (CAN)"
"Pro_879"	"RED HOT BLUE GLUE (16 FL OZ)"
"Pro_880"	"RED HOT BLUE GLUE (8 FL OZ)"
"Pro_881"	"790 MULTI PURPOSE PIPE CEMENT (8 FL OZ)"
"Pro_882"	"ABS CEMENT (16 FL OZ)"
"Pro_883"	"BLUE HOT PVC CEMENT (32 FL OZ)"
"Pro_884"	"773 ABS BLACK (8 FL OZ)"
"Pro_885"	"PVC CEMENT (16 FL OZ)"
"Pro_886"	"PIPE JOINT COMPOUND (8 FL OZ)"
"Pro_887"	"RED HOT BLUE GLUE (32 FL OZ)"
"Pro_888"	"PURPLE POOL PRIMER (32 FL OZ)"
"Pro_889"	"773 ABS (16 FL OZ)"
"Pro_890"	"1-1/2"" PIPE STRAP 2 HOLE"
"Pro_891"	"2"" PIPE STRAP 2 HOLE"
"Pro_892"	"1-1/2"" ABS SAN TEE"
"Pro_893"	"2-1/2"" PIPE STRAP 2 HOLE"
"Pro_894"	"1-1/2"" ABS 45 ELBOW PVC PIPE"
"Pro_895"	"1-1/2"" ABS 90 ELBOW PVC PIPE"
"Pro_896"	"2"" ABS SANITARY TAPE"
"Pro_897"	"2"" ABS 45 ELBOW"
"Pro_898"	"2"" ABS 90 VENT ELBOW"
"Pro_899"	"2"" ABS 22.5 ELBOW"
"Pro_900"	"2"" ABS SAN TEE TO 45 ELBOW"
"Pro_901"	"1-1/2"" ABS SAN TEE TO 45 ELBOW"
"Pro_902"	"1-1/2"" ABS SAN TEE TO STRAIGHT 90"
"Pro_903"	"1-1/2"" PVC COUPLER"
