id,name
sun_pro_01,10-32 K-LOCK NUT W/EXTERNAL STAR STAINLESS STEEL
sun_pro_02,5/16-18X1 WHIZ FLANGE BOLT STAINLESS STEEL
sun_pro_03,5/16-18X1 HEX CAP SCREW STAINLESS STEEL
sun_pro_04,5/16-18X 1-1/4 HEX CAP SCREW STAINLESS STEEL
sun_pro_05,5/16-18X 1-3/4 HEX CAP SCREW STAINLESS STEEL
sun_pro_06,5/16-18X 2 HEX CAP SCREW STAINLESS STEEL
sun_pro_07,5/16-18 2-3/4 HEX CAP SCREW STAINLESS STEEL
sun_pro_08,5/16-18X 3/4 HEX CAP SCREW STAINLESS STEEL
sun_pro_09,5/16-18 FINISHED HEX NUT STAINLESS STEEL
sun_pro_10,5/16-18 CHANNEL SPRING NUT 316 STAINLESS STEEL
sun_pro_11,5/16-18 CHANNEL SPRING NUT STEEL HD/GALV
sun_pro_12,5/16-18 WHIZ FLANGE NUT STAINLESS STEEL
sun_pro_13,5/16X3 LAG BOLT STAINLESS STEEL
sun_pro_14,5/16X 3-1/2 LAG BOLT STAINLESS STEEL
sun_pro_15,5/16X 4 LAG BOLT STAINLESS STEEL
sun_pro_16,5/16X 4-1/2 LAG BOLT STAINLESS STEEL
sun_pro_17,5/16X 5 LAG BOLT STAINLESS STEEL
sun_pro_18,5/16X 3/4 FLAT WASHER STAINLESS STEEL
sun_pro_19,5/16 MED SPLIT LOCK WASHER STAINLESS STEEL
sun_pro_20,3/8-16X1 HEX CAP SCREW STAINLESS STEEL
sun_pro_21,3/8-16X 1-1/4 HEX CAP SCREW STAINLESS STEEL
sun_pro_22,3/8-16X 1-1/2 HEX CAP SCREW STAINLESS STEEL
sun_pro_23,3/8-16X 1-12 SOCKET CAP SCREW ALLOY
sun_pro_24,3/8-16X 2 SOCKET CAP SCREW ALLOY
sun_pro_25,3/8-16X 2 FLAT SOCKET CAP SCREW ALLOY
sun_pro_26,3/8-16X 2-1/2 SOCKET CAP SCREW ALLOY
sun_pro_27,3/8-16X 3 SOCKET CAP SCREW ALLOY
sun_pro_28,3/8-16X 3-1/2 SOCKET CAP SCREW ALLOY
sun_pro_29,3/8-16X 4 SOCKET CAP SCREW ALLOY
sun_pro_30,3/8-16X 4-1/2 SOCKET SCREW ALLOY
sun_pro_31,3/8-16X 3/4 HEX CAP SCREW STAINLESS STEEL
sun_pro_32,3/8-16X 7/8 SOCKET CAP SCREW ALLOY
sun_pro_33,3/8-16 FINISHED HEX NUT STAINLESS STEEL
sun_pro_34,3/8-16 CHANNEL SPRING NUT 316 STAINLESS STEEL
sun_pro_35,3/8-16 CHANNEL SPRING NUT STAINLESS STEEL
sun_pro_36,3/8-16 CHANNEL SPRING NUT STEEL HD/GALV
sun_pro_37,3/8-16 CHANNEL SPRING NUT STEEL ZINC
sun_pro_38,3/8-16 WHIZ FLANGE NUT STAINLESS STEEL
sun_pro_39,3/8X 1-1/4 FENDER WASHER STAINLESS STEEL
sun_pro_40,3/8X 3-1/2 LAG BOLT STAINLESS STEEL
sun_pro_41,3/8X 4 LAG BOLTS STAINLESS STEEL
sun_pro_42,3/8X 3/4 BONDED SEAL WASHER STAINLESS STEEL
sun_pro_43,3/8X 7/8  FLAT WASHER STAINLESS STEEL
sun_pro_44,3/8 MEDIUM SPLIT LOCK WASHER STAINLESS STEEL
sun_pro_45,#8 EXTERNAL TOOTH LOCK WASHER 400 STAINLESS STEEL
sun_pro_46,"4"" E-Curb kit gray"
sun_pro_47,Soft Aluminum 1' flashings
sun_pro_48,"Galanized 1"" flashings"
sun_pro_49,Flat O-Hagans
sun_pro_50,Tri Built Roof Accessory Paint Hickory
sun_pro_51,Tri Built Roof Accessory Paint Weathered Wood
sun_pro_52,Tri Built RoofAccessory Paint Tile Red
sun_pro_53,Tri Built RoofAccessory Paint Cedar
sun_pro_54,Tri Built RoofAccessory Paint Slate Gray
sun_pro_55,"1"" EMT"
sun_pro_56,"1 1/4"" EMT"
sun_pro_57,"3/4"" Rigid"
sun_pro_58,Square D SOLAR ALL IN ONE
sun_pro_59,Square D 100A LOAD CENTER
sun_pro_60,Square D 125A LOAD CENTER
sun_pro_61,Square D 30A NONFUSED DISCONNECT
sun_pro_62,Square D 60A NONFUSED DISCONNECT
sun_pro_63,Square D 15AMP TWIN BREAKER
sun_pro_64,Square D 20AMP TWIN BREAKER
sun_pro_65,Square D 15/20AMP TWIN BREAKER
sun_pro_66,Square D 15/15 QUAD BREAKER
sun_pro_67,Square D 15/20 QUAD BREAKER
sun_pro_68,Square D 15/30 QUAD BREAKER
sun_pro_69,Squqre D 15/40 QUAD BREAKER
sun_pro_70,Square D 15/50 QUAD BREAKER
sun_pro_71,Square D 20/20 QUAD BREAKER
sun_pro_72,Square D 20/30 QUAD BREAKER
sun_pro_73,Square D 20/40 QUAD BREAKER
sun_pro_74,Square D 20/50 QUAD BREAKER
sun_pro_75,"Square D 1"" HUB"
sun_pro_76,"Square D 1-1/4"" HUB"
sun_pro_77,#4 BARE COPPER
sun_pro_78,#6 BARE COPPER
sun_pro_79,#8 BARE COPPER
sun_pro_80,#10 BARE COPPER
sun_pro_81,#10 THHN/THWN-2 COPPER BLACK
sun_pro_82,#10 THHN/THWN-2 COPPER BLUE
sun_pro_83,#10 THHN/THWN-2 COPPER RED
sun_pro_84,#10 THHN/THWN-2 COPPER GREEN
sun_pro_85,#10 THHN/THWN-2 COPPER GRAY
sun_pro_86,#10 THHN/THWN-2 COPPER WHITE
sun_pro_87,#8 THHN/THWN-2 COPPER BLACK
sun_pro_88,#8 THHN/THWN-2 COPPER BLUE
sun_pro_89,#8 THHN/THWN-2 COPPER RED
sun_pro_90,#8 THHN/THWN-2 COPPER GREEN
sun_pro_91,#8 THHN/THWN-2 COPPER WHITE
sun_pro_92,#6 THHN/THWN-2 COPPER BLACK
sun_pro_93,#6 THHN/THWN-2 COPPER GREEN
sun_pro_94,#6 THHN/THWN-2 COPPER WHITE
sun_pro_95,#6 THHN/THWN-2 COPPER RED
sun_pro_96,#14 THHN SOLID BLACK
sun_pro_97,#14 THHN SOLID WHITE
sun_pro_98,#14 THHN SOLID GREEN
sun_pro_99,#14 THHN SOLID RED
sun_pro_100,#10 USE - 2 WIRE
sun_pro_101,#10 PV WIRE 2KV/1KV
sun_pro_102,CRIMP LUG #4/#6
sun_pro_103,"3/4""CARFLEX/NONMETALLIC FLEX"
sun_pro_104,"1""CARFLEX/NONMETALLIC FLEX"
sun_pro_105,"1-1/4""CARFLEX/NONMETALLIC FLEX"
sun_pro_106,"1"" ALUMINUM FLEX"
sun_pro_107,"1-1/4"" ALUMINUM FLEX"
sun_pro_108,"1"" EMT"
sun_pro_109,"1-1/4"" EMT"
sun_pro_110,"1"" RUNNING THREAD"
sun_pro_111,"1""GALV COUPLING"
sun_pro_112,"1-1/4"" GALV COUPLING"
sun_pro_113,"1"" X CLOSE NIPPLE"
sun_pro_114,"1"" X 2"" NIPPLE"
sun_pro_115,"1"" X 4"" NIPPLE"
sun_pro_116,"1"" X 6"" NIPPLE"
sun_pro_117,"1-1/4""x CLOSE NIPPLE"
sun_pro_118,"1-1/4 X 2"" NIPPLE"
sun_pro_119,"1-1/4 X 4"" NIPPLE"
sun_pro_120,"1-1/4 X 6"" NIPPLE"
sun_pro_121,"1"" CHASE NIPPLE"
sun_pro_122,"1-1/4"" CHASE NIPPLE"
sun_pro_123,"1"" LB"
sun_pro_124,"1"" LL"
sun_pro_125,"1"" LR"
sun_pro_126,"1"" SHORT LB"
sun_pro_127,"1-1/4"" LB"
sun_pro_128,"1-1/4"" LL"
sun_pro_129,"1-1/4"" LR"
sun_pro_130,"1-1/4"" SHORT LB"
sun_pro_131,"1"" PLASTIC BUSHING"
sun_pro_132,"1-1/4"" PLASTIC BUSHING"
sun_pro_133,"1"" GROUND BUSHING"
sun_pro_134,"1-1/4"" GROUND BUSHING"
sun_pro_135,PVC J-BOX 6X6X6
sun_pro_136,PVC J-BOX 6X6X4
sun_pro_137,PVC J-BOX 8X8X4
sun_pro_138,PVC J-BOX 12X12X4
sun_pro_139,"1"" SHORT TELEPHONE 90"
sun_pro_140,"1"" LONG TELEPHONE 90"
sun_pro_141,"1"" RAINTITE CONN"
sun_pro_142,"1"" RAINTITE COUP"
sun_pro_143,"1-1/4"" RAINTITE CONN"
sun_pro_144,"1-1/4"" RAINTITE COUP"
sun_pro_145,"1"" EMT 1-HOLE STRAP"
sun_pro_146,"1"" RIGID/FLEX 1-HOLE STRAP"
sun_pro_147,"1-1/4"" EMT 1-HOLE STRAP"
sun_pro_148,"1-1/4"" RIGID/FLEX 1-HOLE STRAP"
sun_pro_149,"1"" FLEX CONN"
sun_pro_150,"1"" FLEX COUP"
sun_pro_151,"1"" FLEX TO EMT CONN"
sun_pro_152,"1-1/4"" FLEX CONN"
sun_pro_153,"1-1/4"" FLEX COUP"
sun_pro_154,"1"" INSULATED GROUND BUSHING"
sun_pro_155,"3/4"" EMT 1-HOLE STRAP"
sun_pro_156,SQUARE D 35A DOUBLE PULL CIRCUIT BREAKER
sun_pro_157,SQUARE D 45A DOUBLE PULL CIRCUIT BREAKER
sun_pro_158,GE 35A DOUBLE PULL CIRCUIT BREAKER
sun_pro_159,2x4
sun_pro_160,2x3
sun_pro_161,"2""x10' ABS pipe"
sun_pro_162,"1 1/2"" ABS pipe"
sun_pro_163,Husky Contrator clean up bags 42gal 32 count
sun_pro_164,Stanley utility blades 50 count
sun_pro_165,Chemlink Nova Link Gray
sun_pro_166,Chemlink Nova Link White
sun_pro_167,Chemlink Nova Link Medium Bronze
sun_pro_168,Chemlink Nova Link Terra Cotta
sun_pro_169,Chemlink Clear
sun_pro_170,Chemlink M-1 Gray
sun_pro_171,Chemlink Tile Secure Medium bronze
sun_pro_172,Chemlink Tile Secure Terra Cotta
sun_pro_173,Chemlink Tile Secure Stone
sun_pro_174,WD-40
sun_pro_175,DAP Alex Ultra 230 Brown
sun_pro_176,DAP Alex Ultra 230 Almond
sun_pro_177,DAP Alex Ultra 230 Cedar Tan
sun_pro_178,GE SiliconeI Clear
sun_pro_179,GE SiliconeI White
sun_pro_180,Henry 212 crystal clear all purpose patch
sun_pro_181,Henry 208R Rubberized wet patch roof cement
sun_pro_182,Henry 209 Elastomastic roof patch
sun_pro_183,Hanson No melt lumber crayon 12 pack Red
sun_pro_184,Hanson No melt lumber crayon 12 pack Black
sun_pro_185,Hanson No melt lumber crayon 12 pack Yellow
sun_pro_186,Henry Asphalt Emulsion Sealer & Dampproofer
sun_pro_187,Rustoleum marking paint Red Orange
sun_pro_188,Rustoleum Cold Galvanizing Compound
sun_pro_189,Rustoleum Bright Galvanizing Compound
sun_pro_190,Rustoleum Gray Primer
sun_pro_191,Rustoleum Light Gray Primer
sun_pro_192,Rustoleum Dark Gray Primer
sun_pro_193,Rustoleum Rusty Metal Primer
sun_pro_194,Rustoleum Red Primer
sun_pro_195,Rustoleum Satin Espresso
sun_pro_196,Rustoleum Gloss Almond
sun_pro_197,Rustoleum Satin Fossil
sun_pro_198,Rustoleum Satin Granite
sun_pro_199,Rustoleum Satin Heirloom White
sun_pro_200,Rustoleum Satin Ivory Silk
sun_pro_201,Rustoleum Satin Cinnamon
sun_pro_202,Rustoleum Satin Shell White
sun_pro_203,Rustoleum Camouflage Deep Forest Green
sun_pro_204,Rustoleum Camouflage Earth Brown
sun_pro_205,Rustoleum Camouflage Army Green
sun_pro_206,Rustoleum  Camouflage Khaki
sun_pro_207,FGP Roof Accessory Premium Spray Paint Cedar
sun_pro_208,FGP Roof Accessory Premium Spray Paint Slate Gray
sun_pro_209,FGP Roof Accessory Premium Spray Paint Hickory
sun_pro_210,FGP Roof Accessory Premium Spray Paint Hunter Green
sun_pro_211,Intermodule Clamps 2.25 Black
sun_pro_212,Intermodule Clamps 2.25 Clear
sun_pro_213,Intermodule Clamps 2.50 Clear
sun_pro_214,Intermodule Clamps 2.75 Clear
sun_pro_215,Intermodule Clamps 2.75 Black
sun_pro_216,End Clamps 1.572 Black
sun_pro_217,End Clamps 1.660 Clear
sun_pro_218,End Clamps 1.810 Black
sun_pro_219,End Clamps 1.810 Clear
sun_pro_220,End Clamps 1.968 Clear
sun_pro_221,End Clamps 1.968 Black
sun_pro_222,Rail Channel Nut
sun_pro_223,Stainless Steel U-Bolt Asembly
sun_pro_224,Solar Wedge 5 Degree
sun_pro_225,Solar Wedge
sun_pro_226,Tile Trac
sun_pro_227,Tilt Up Kits
sun_pro_228,FAST JACK
sun_pro_229,"PRO SOLAR SUPPORT RAIL 1.5"" 136"""
sun_pro_230,"PRO SOLAR SUPPORT RAIL 2.5"" 124"""
sun_pro_231,"PRO SOLAR SUPPORT RAIL 2.5"" 136"""
sun_pro_232,"PRO SOLAR SUPPORT RAIL 3"" 136"""
sun_pro_233,"PRO SOLAR SUPPORT RAIL 3"" 164"""
sun_pro_234,"PRO SOLAR SUPPORT RAIL 3"" 172"""
sun_pro_235,SF Rail
sun_pro_236,SF Rail Cap
sun_pro_237,SF Rail Cap Screws
sun_pro_238,SF Rubber Cap Screws
sun_pro_239,SF Rail L brackets
sun_pro_240,SF Rail Splice Bar
sun_pro_241,SF Rail Rubber End Cap
sun_pro_242,SF Rail kit  (complete)
sun_pro_243,Ground Lug
sun_pro_244,Ground Lug
sun_pro_245,Ground Lug made Long
sun_pro_246,Ground Lug made Short
sun_pro_247,Ground Lug made Short
sun_pro_248,Long Silver Rail Cap
sun_pro_249,Long Silver SF Rail
sun_pro_250,"Schedule 580 3/4""x8' PVC Grey"
sun_pro_251,"Schedule 580 1""x8' PVC Grey"
sun_pro_252,Tilt Kit Aluminum Rods 20'
sun_pro_253,"1/2""x10' Copper Pipe"
sun_pro_254,"3/4""x10' Copper Pipe"
sun_pro_255,"1""x10' Copper Pipe"
sun_pro_256,"1,1/2""x10' Copper Pipe"
sun_pro_257,"3/8""x10' Copper Pipe"
sun_pro_258,Deep Channel Unistrut
sun_pro_259,Shallow Channel Unistrut
sun_pro_260,"Schedule 40 PVC white 1""x10'"
sun_pro_261,"Schedule 40 PVC white 3/4""x10'"
sun_pro_262,"1"" Flex PVC 10'"
sun_pro_263,"1/2""x10' EMT"
sun_pro_264,"3/4""x10' EMT"
sun_pro_265,Aleo S18240 Module
sun_pro_266,Aleo S79235 Module
sun_pro_267,Aleo S79240 Module
sun_pro_268,Canadian Solar CS6P Module
sun_pro_269,Sunpower 327 Module
sun_pro_270,Sunpower 240 Module
sun_pro_271,Sunpower 230 Module
sun_pro_272,Inverter battery charger
sun_pro_273,Sunny Boy 5000us
sun_pro_274,inverter disconnect
sun_pro_275,PVI 5000 W inverter
sun_pro_276,MNBE-A battery enclosure
sun_pro_277,MNBE-A battery enclosure
sun_pro_278,Blue Planet 2502xi
sun_pro_279,Fronius Inverter-8000f
sun_pro_280,Fronius Inverter-11401f
sun_pro_281,SPR Monitoring
sun_pro_282,SPR Monitoring
sun_pro_283,SPR Fronius-6501f-IUNI
sun_pro_284,SPR Fronius-3301f-IUNI
sun_pro_285,SPR-SMA-3000M
sun_pro_286,SPR-SMA-3000M
sun_pro_287,SPR-SMA-4000M
sun_pro_288,SPR-SMA-3000M
sun_pro_289,SPR-SMA-3000M
sun_pro_290,SPR-DC-DISC-M-US
sun_pro_291,SPR-DC-DISC-M-US
sun_pro_292,SPR-DC-DISC-M-US
sun_pro_293,SPR-DC-DISC-M-US
sun_pro_294,Field mod kit-GTUL01
sun_pro_295,SPR-DMR-ENC
sun_pro_296,SPR-5000-TL-I Power one
sun_pro_297,SPR-6000-TL-I Power One
sun_pro_298,SPR-6000-TL-I Power One
sun_pro_299,SPR-4200-TL-I Power One
sun_pro_300,Rustoleum Satin Nutmeg Spraypaint
sun_pro_301,3 in 1 Oil
sun_pro_302,Goof Off
sun_pro_303,Rustoleum Flat Black
sun_pro_304,Power Gray Loctite
sun_pro_305,Homax Ceiling Texture
sun_pro_306,Homax Knock Down Texture
sun_pro_307,Tribuilt Tile Red
sun_pro_308,Self Tappes Tech Screws
sun_pro_309,Rail Bolts
sun_pro_310,"1/4"" Beam Clamps"
sun_pro_311,"1"" Conduit Hangers"
sun_pro_312,"1"" One Hole Strap "
sun_pro_313,"1/2"" Black Button Push In Connector"
sun_pro_314,"1"" RD SE Cable Connector"
sun_pro_315,"1/8"" Insulated Multi Tap Connector"
sun_pro_316,2 Hole Wire Connector
sun_pro_317,"1"" Pipe Nail Straps"
sun_pro_318,"1"" Pull 90"
sun_pro_319,"1"" Offset Nipple"
sun_pro_320,"3/4"" One Hole Set EMT"
sun_pro_321,"3"" Grounding Bar Kit"
sun_pro_322,"8"" Grounding Bar Kit"
sun_pro_323,2-8 Crimpit
sun_pro_324,6-4 Crimpit
sun_pro_325,Universal Ground Rod Clamp
sun_pro_326,"1/2"" - 1""Ground Clamp"
sun_pro_327,Set Screw Wire Connector
sun_pro_328,Electrical Spring Connector
sun_pro_329,Class R Fuse Reducer
sun_pro_330,Porcelain Lampholder Keyless
sun_pro_331,Smoke and Carbon Monoxide Alarm
sun_pro_332,Kiddie-Carbon Monoxide Alarm
sun_pro_333,Code One-Carbon Monoxide Alarm
sun_pro_334,First Alert-Carbon Monoxide Alarm
sun_pro_335,Automatic Security Light Kit
sun_pro_336,Meter Sockets
sun_pro_337,Meters
sun_pro_338,Locus Monitors
sun_pro_339,#2 WIRE BLK
sun_pro_340,#2 WIRE RED
sun_pro_341,#2 WIRE GREEN
sun_pro_342,#2 WIRE WHITE
sun_pro_343,#4 WIRE BLK
sun_pro_344,#4 WIRE RED
sun_pro_345,#4 WIRE GREEN
sun_pro_346,#4 WIRE WHITE
sun_pro_347,#12 WIRE SOLID WHITE
sun_pro_348,#12 WIRE SOLID RED
sun_pro_349,#12 WIRE SOLID BLK
sun_pro_350,#12 WIRE SOLID YELLOW
sun_pro_351,#12 STRANDED WIRE GREEN
sun_pro_352,#12 STRANDED WIRE BLUE
sun_pro_353,#12 STRANDED WIRE RED
sun_pro_354,#12 STRANDED WIRE WHITE
sun_pro_355,#12 STRANDED WIRE ORANGE
sun_pro_356,"3/4"" ALUMINUM FLEX"
sun_pro_357,Model 508S Tempo Wire Finder
sun_pro_358,Makita Light
sun_pro_359,2 Stage Epoxy Gun
sun_pro_360,50' Air Hoses
sun_pro_361,Bay of 80 ear plugs
sun_pro_362,Harness roof mounts
sun_pro_363,Boxes of straight blades for knife
sun_pro_364,Harness
sun_pro_365,Safety Goggles
sun_pro_366,Dust Masks
sun_pro_367,Husky Trash Bags
sun_pro_368,Re-usable Ear Plugs
sun_pro_369,Dust Pan
sun_pro_370,Paint Roller Semi Smooth Surface
sun_pro_371,Med Bronze
sun_pro_372,PVAC 10 Output Cable
sun_pro_373,Stucco Tray
sun_pro_374,Hamk
sun_pro_375,Concrete Broom
sun_pro_376,Wood Floats
sun_pro_377,Pool Trowels
sun_pro_378,Magnesium Float
sun_pro_379,Notch Broom
sun_pro_380,Knotch Trowel
sun_pro_381,Edging Trowel
sun_pro_382,Joiner
sun_pro_383,Mixing Paddles
sun_pro_384,Spade Trowels
sun_pro_385,Maraine Trowels
sun_pro_386,Stucco Float
sun_pro_387,S-Tile Flashings
sun_pro_388,M-Tile Flashings
sun_pro_389,208R Tubes
sun_pro_390,212 Tubes
sun_pro_391,Brown DAP
sun_pro_392,Almond DAP Tubes
sun_pro_393,Cedar Tan DAP Tubes
sun_pro_394,Liquid Nail
sun_pro_395,900 Henry Tubes
sun_pro_396,100 Silicone White
sun_pro_397,Roberts Wall Base Adhexive 7200
sun_pro_398,Fire Barrier Sealant CP25 Net
sun_pro_399,Clear DAP
sun_pro_400,Chemlink Clear General Purpose Sealant
sun_pro_401,3m 560 Polyurethane
sun_pro_402,Suntrek bond roofing sealant
sun_pro_403,Gray Nova Link
sun_pro_404,White Nova Link
sun_pro_405,Old Style Stand Off Washers
sun_pro_406,Terra Cotta Nova Link
sun_pro_407,"8d Ext Galvanized 2.5"""
sun_pro_408,Roof Nails
sun_pro_409,2 3/8 x 113 Nails
sun_pro_410,2.75 Roofing Nails
sun_pro_411,Hitachi 2 3/8 x.118
sun_pro_412,"21'3"" x .131 Smooth Shank"
sun_pro_413,1-3/4 Staples
sun_pro_414,Metal Cap Roof Nails
sun_pro_415,1-1/4 Coil Nails
sun_pro_416,3/4 Coil Nails
sun_pro_417,"1"" Coil Nails"
sun_pro_418,"21'3-1/2"" x .162"
sun_pro_419,Quick Mount Boxes
sun_pro_420,All Threads
sun_pro_421,Long Sliders
sun_pro_422,Short Sliders
sun_pro_423,Nuts
sun_pro_424,Big Washers
sun_pro_425,Flashing
sun_pro_426,Lag Bolts
sun_pro_427,Smaller Washers
sun_pro_428,Female Connector to MC
sun_pro_429,Female Connector to Insulator
sun_pro_430,Male Connector to MC
sun_pro_431,Male Connector to Insulator
sun_pro_432,Terminator End Cap
sun_pro_433,Terminator Cap for Rope
sun_pro_434,AC PV Terminator Cap End Male
sun_pro_435,AC PV Terminator Cap End Female
sun_pro_436,Aurora Terminator Cap
sun_pro_437,Aurora Terminator Cap Removal Tool
sun_pro_438,Terminator Cap Removal Tool
sun_pro_439,Rope Splice
sun_pro_440,"3/4"" Rigid Pipe Full"
sun_pro_441,"1-1/2"" Rigid Pipe 4"
sun_pro_442,"1-1/2"" Conduit 4"
sun_pro_443,"1-1/4"" Conduit Full"
sun_pro_444,"1-1/2"" Conduit Full"
sun_pro_445,"1"" Conduit Full"
sun_pro_446,"3/4"" Conduit Full"
sun_pro_447,"1/2"" Conduit Full"
sun_pro_448,"1-1/4"" Pipe Bender"
sun_pro_449,#10 BROWN
sun_pro_450,#10 ORANGE
sun_pro_451,5/16 x 2.25 HEX CAP SCREW STAINLESS STEEL
sun_pro_452,5/16 X 2.5 HEX CAP SCREW STAINLESS STEEL
sun_pro_453,SF RAIL TECH SCREWS
sun_pro_454,Sideways Wire Clips
sun_pro_455,"3"" Primeguard Exterior Screw"
sun_pro_456,"Fixed 8"" Stand Off"
sun_pro_457,"3-1/2"" 2P Lag Bolt"
sun_pro_458,"3/8 x 1-1/4"" SS Bolt"
sun_pro_459,3/8 SS Lock Washer
sun_pro_460,Rain Boots (Pairs)
sun_pro_461,"Chemlink 4"" E-Curlo Kit"
sun_pro_462,.9 Gal Can of 107 Henly
sun_pro_463,.9 Gal Can of 209 Henly
sun_pro_464,.9 Gal Can of 208 Henly
sun_pro_465,"4"" x 150' Henry Roof Repair Fabric"
sun_pro_466,16d 3.5 Hot Dipped Galvanized (LBS)
sun_pro_467,8d 2.5 Exterior 5000 Galvanized (LBS)
sun_pro_468,8d 2-3/8 Coated Sinker (LBS)
sun_pro_469,ACER ASPIRE 1 LAP TOP
sun_pro_470,D-LINK 8 PORT ETHERNET SWITCH
sun_pro_471,ACTIONTEC POWERLINE NETWORK ADAPTER
sun_pro_472,#12 THHN SOLID GREEN
sun_pro_473,STANLEY 300' TAPE
sun_pro_474,WERNER 32' LADDER
sun_pro_475,WERNER 16' LADDER
sun_pro_476,WERNER 4' STOOL
sun_pro_477,EASYSHARE KODAK CAMERA WITH CASE
sun_pro_478,"CE ZIP TIES 8"""
sun_pro_479,EATON 15 A AFC BREAKER
sun_pro_480,CUTLER HAMMER 2 POLE 15 A BREAKER
sun_pro_481,CUTLER HAMMER SPLIT 15 A BREAKER
sun_pro_482,MURRAY 15 A BREAKER
sun_pro_483,EATON 15 A BREAKER
sun_pro_484,BUSSMAN KLM 1 A FUSE
sun_pro_485,BUSSMAN KLM 15 A FUSE
sun_pro_486,SQUARE D SPLIT 15 A BREAKER
sun_pro_487,SQUARE D 15 A BREAKER
sun_pro_488,SQUARE D 20 A BREAKER
sun_pro_489,SQUARE D 2 POLE 20 A BREAKER
sun_pro_490,WI-FI ADAPTER NETGEAR
sun_pro_491,LEVITON WALL PLATES
sun_pro_492,LEVITON 15 A OUTLETS
sun_pro_493,ENPHASE 100 MBPS POWELINE NETWORK ADAPTORS
sun_pro_494,SPR 100 MBPS POWERLINE NETWORK ADAPTORS
sun_pro_495,NETGEAR 100 MBPS POWERLINE NETWORK ADAPTERS
sun_pro_496,PROJECT SOURCE 3 OUTLET ADAPTER
sun_pro_497,15 A LIGHT SWITCH
sun_pro_498,2 PRONG OUTLET ADAPTER
sun_pro_499,"IDEAL IN SURE WIRE CONNECTORS, 2 PORT"
sun_pro_500,"LOW VOLT STAPLES 1/4"" GARDNER BENDER"
sun_pro_501,NETGEAR 5 PORT SWITCH
sun_pro_502,6 OUTLET POWER STRIP
sun_pro_503,ETHERNET CABLES 6'
sun_pro_504,"ETHERNET CABLES 6"""
sun_pro_505,RS485 CABLE
sun_pro_506,RS232 CABLE
sun_pro_507,100 A CTS
sun_pro_508,"1/2"" LIQUIDTITE FLEX"
sun_pro_509,"3/4"" LIQUIDTITE FLEX FITTING STRAIGHT"
sun_pro_510,"3/4"" LIQUIDTITE FLEX 90 FITTING"
sun_pro_511,"1/2"" LIQUIDTITE STRAIGHT FITTING"
sun_pro_512,"1/2"" LIQUIDTITE 90 FITTING"
sun_pro_513,CE TECH COAXIAL CABLE BUSHINGS
sun_pro_514,"1/2"" CORD GRIPS"
sun_pro_515,SIEMENS 15 A BREAKER
sun_pro_516,CUTLER HAMMER 15 A BREAKER
sun_pro_517,CUTLER HAMMER 20 A BREAKER
sun_pro_518,GREEN ANCHORS
sun_pro_519,BREAKER 20 A 1 POLE
sun_pro_520,BREAKER 15 A 1 POLE
sun_pro_521,BREAKER 30 A 2 POLE
sun_pro_522,BREAKER 15 A 2 POLE
sun_pro_523,BREAKER 35 A 2 POLE
sun_pro_524,"3/4"" FLEX CONNECTOR"
sun_pro_525,4 x 4 J BOX
sun_pro_526,ODD ATTENA
sun_pro_527,ZEXEL WIRELESS NETWORK ADAPTOR
sun_pro_528,RS485 GREEN CABLE
sun_pro_529,RS485 RED CABLE
sun_pro_530,MASTER LOCKS
sun_pro_531,6 X 1005 SWITCH
sun_pro_532,WIRE NUTS
sun_pro_533,CAT 6 (FEET)
sun_pro_534,SHOP RAGS (BAG)
sun_pro_535,STUCCO PATCH (BAG)
sun_pro_536,"3/8"" POLY POLL STRING"
sun_pro_537,TROE TAPE
sun_pro_538,INSULATED MULTITAP CONNECTOR 2 PORT
sun_pro_539,INSULATED MULTITAP CONNECTOR 3 PORT
sun_pro_540,INSULATED MULTITAP CONNECTOR 4 PORT
sun_pro_541,WIRE NUT RED 3M
sun_pro_542,WIRE NUT BLUE 3M
sun_pro_543,SET SCREW WIRE NUT IDEAL
sun_pro_544,3M FIRE BLOCK
sun_pro_545,GREAT STUFF EXPANDING FOAM
sun_pro_546,MYERS HUB
sun_pro_547,"3/4"" SEAL TIGHT CONNECTOR"
sun_pro_548,"3/4"" SEAL TIGHT CONNECTOR 90"
sun_pro_549,"3/4"" STRAIN RELIEF CONNECTOR"
sun_pro_550,"1"" STRAIN RELIEF CONNECTOR"
sun_pro_551,"1/2"" K/O SEALS"
sun_pro_552,"1"" STRUT STRAP"
sun_pro_553,PANEL CLIPS
sun_pro_554,EXTENSION CORD - 100'
sun_pro_555,CONE
sun_pro_556,ROOF PAPER (SQUARE FEET)
sun_pro_557,LEAF BLOWER
sun_pro_558,5/16 X 1/4 TECH SCREW
sun_pro_559,CRIMP LUG #2/#4
sun_pro_560,SF PANEL CLIPS
sun_pro_561,BODY SUIT
sun_pro_562,HAND CLEANER
sun_pro_563,ZIP TIES - STAINLESS
sun_pro_564,ZIP TIES - PLASTIC
sun_pro_565,CHAINS AND LOCK
sun_pro_566,MC CRIMPER
sun_pro_567,RATCHET STEEPS
sun_pro_568,"4-1/2"" GRADE BLADE"
sun_pro_569,"3/16"" DRILL BIT"
sun_pro_570,"3/16"" PILOT BIT"
sun_pro_571,"1/4"" PILOT BIT"
sun_pro_572,"SCREWTIGHT BLADES 5"""
sun_pro_573,IRREVERSIBLE GROUND CRIMPER
sun_pro_574,LADDER STRAP
sun_pro_575,CHALK LINE
sun_pro_576,HAND BRUSKS
sun_pro_577,"1-5/8"" EXTERIOR SCREWS"
sun_pro_578,"1"" ROOFING NAILS (1 LB)"
sun_pro_579,"1"" PIPE BENDER"
sun_pro_580,PUSH BROOM
sun_pro_581,CAMERA
sun_pro_582,CLIP BOARD
sun_pro_583,FIRST AID KIT
sun_pro_584,MC4 NEGATIVES
sun_pro_585,MC4 POSITIVES
sun_pro_586,MC 4 METAL POSITIVE
sun_pro_587,MC4 METAL NEGATIVE
sun_pro_588,"1-1/2"" FART TUBE 90"
sun_pro_589,"2"" FART TUBE 90"
sun_pro_590,"1-1/2"" FART TUBE 45"
sun_pro_591,"1"" CLAMP - RUBBER LINED"
sun_pro_592,"1"" CLAMP - PIPE"
sun_pro_593,"1"" X 1-1/2"" NIPPLE"
sun_pro_594,"1"" SLB"
sun_pro_595,"1"" X 1-1/4"" NIPPLE"
sun_pro_596,PANEL GROUNDS
sun_pro_597,"3/8"" - 3/4"" SOCKET CAP SCREWS"
sun_pro_598,SF RAIL CAP BOLTS
sun_pro_599,SHOP VAC
sun_pro_600,LADDER 24'
sun_pro_601,4' A FRAME
sun_pro_602,8' A FRAME
sun_pro_603,10' X 10' EZ UP
sun_pro_604,WIRE CART
sun_pro_605,ROLE CART
sun_pro_606,ROPE (SAFETY)
sun_pro_607,CLEAT (SAFETY)
sun_pro_608,CRIMP LUG #8/#10
sun_pro_609,CRIMP LUG #5/#8
sun_pro_610,BREAKER SQUARE D 40 A 2 POLE
sun_pro_611,BREAKER SQUARE D 50 A 2 POLE
sun_pro_612,BREAKER SQUARE D 60 A 2 POLE
sun_pro_613,Square D 15/35 QUAD BREAKER
sun_pro_614,BREAKER SQUARE D 25 A 2 POLE
sun_pro_615,BREAKER SQUARE D 45 A 2 POLE
sun_pro_616,"1"" CORE GRIP"
sun_pro_617,"3/4"" CORE GRIP"
sun_pro_618,"1"" SCREW CONNECTOR"
sun_pro_619,"1"" SCREW COUPLINGS"
sun_pro_620,"1/2"" 2 SCREW CONNECTORS"
sun_pro_621,"1"" 2 SCREW CONNECTORS"
sun_pro_622,"1-1/4"" 2 SCREW CONNECTORS"
sun_pro_623,"1-1/2"" 2 SCREW CONNECTORS"
sun_pro_624,"2"" 2 SCREW CONNECTORS"
sun_pro_625,"1/2"" PLASTIC BUSHING"
sun_pro_626,"3/4"" PLASTIC BUSHING"
sun_pro_627,1-1/2 PLASTIC BUSHING
sun_pro_628,"2"" PLASTIC BUSHING"
sun_pro_629,"2"" PVC CONNECTOR"
sun_pro_630,"2"" LOCK RINGS"
sun_pro_631,"3"" PVC CONNECTOR"
sun_pro_632,"3"" LOCK RINGS"
sun_pro_633,3/8 ONE HOLE STRAP
sun_pro_634,"1/4"" ONE HOLE STRAP"
sun_pro_635,"8"" CABLE TIES"
sun_pro_636,"2"" - 1-1/2"" REDUCER WASHERS"
sun_pro_637,"2-1/2"" - 2"" REDUCER WASHERS"
sun_pro_638,"1-1/4"" - 1"" REDUCER WASHERS"
sun_pro_639,"1"" - 3/4"" REDUCER WASHER"
sun_pro_640,"3/4"" LIQUID TIGHT CONNECTOR"
sun_pro_641,"3/4"" 90 LT CONNECTOR"
sun_pro_642,"3/4"" K/O SEALS"
sun_pro_643,"1"" K/O SEALS"
sun_pro_644,"1-3/4"" K/O SEALS"
sun_pro_645,"1-1/4"" - 1-1/2"" GROUND CLAMP"
sun_pro_646,"1-2"" - 5/8"" GROUNDING ACORN"
sun_pro_647,3 HOLE WIRE CONNECTOR
sun_pro_648,4 HOLE WIRE CONNECTOR
sun_pro_649,GROUND BAR KIT
sun_pro_650,2 PORT QUICK CONNECTOR
sun_pro_651,3 PORT QUICK CONNECTOR
sun_pro_652,3M ELECTRICAL SPRING CONNECTOR
sun_pro_653,ALUMINUM J BOX PLATES
sun_pro_654,"1"" ROUND FLASHINGS"
sun_pro_655,SMOKE ALARMS
sun_pro_656,CARBON ALARMS
sun_pro_657,12 - 2 ROMEX
sun_pro_658,#6 ARMOR CABLE
sun_pro_659,#2 WOOD SCREWS
sun_pro_660,"3/4"" TECH SCREWS"
sun_pro_661,"1-1/4"" TECH SCREWS"
sun_pro_662,"1/4"" X 1-1/2"" LAGS"
sun_pro_663,"5/16"" X 3"" LAGS"
sun_pro_664,"3/8"" X 3"" LAGS"
sun_pro_665,"3/8"" FLAT WASHER"
sun_pro_666,"1"" LOCK RING"
sun_pro_667,BLACK TAPE (ROLL)
sun_pro_668,GREEN TAPE (ROLL)
sun_pro_669,RED TAPE (ROLL)
sun_pro_670,WHITE TAPE (ROLL)
sun_pro_671,BLACK END CAP SCREW
sun_pro_672,OLD STYLE PRODUCTION METER
sun_pro_673,"1-1/4"" OVERHEAD"
sun_pro_674,"1/2"" FLEX TO FLEX CONNECTOR"
sun_pro_675,"1/2"" RIGID COUPLING"
sun_pro_676,RUSTOLEUM FLAT WHITE
sun_pro_677,"1"" CORD GRIP"
sun_pro_678,"3/4"" CORD GRIP"
sun_pro_679,"SEAL TIGHT - 3/4"" 90 CONNECTOR"
sun_pro_680,"SEAL TIGHT - 3/4"" CONNECTOR"
sun_pro_681,"SEAL TIGHT - 1/2"" CONNECTOR"
sun_pro_682,"SEAL TIGHT - 1/2"" 90 CONNECTOR"
sun_pro_683,"SEAL TIGHT - 1"" CONNECTOR"
sun_pro_684,"SEAL TIGHT - 1"" 90 CONNECTOR"
sun_pro_685,1/4 X 1/4 FENDER WASHER
sun_pro_686,8 X 1/2 SELF TAPER
sun_pro_687,"1-1/4"" DRYWALL SCREW"
sun_pro_688,UNIVERSAL CRIMP
sun_pro_689,"3/4"" PIPE BENDER"
sun_pro_690,BREAKER - 20 A SLIM
sun_pro_691,BREAKER - 15 A SLIM
sun_pro_692,Square D 20/25 QUAD BREAKER
sun_pro_693,BREAKER - 125 A 2 POLE
sun_pro_694,Square D 40/40 QUAD BREAKER
sun_pro_695,Square D 50/50 QUAD BREAKER
sun_pro_696,Square D 50/30 QUAD BREAKER
sun_pro_697,Square D 40/30 QUAD BREAKER
sun_pro_698,Square D 30/30 QUAD BREAKER
sun_pro_699,BREAKER - 30 A SLIM
sun_pro_700,STRUT PIPE CLAMP
sun_pro_701,"CLAMP DOWN, 2 SCREW"
sun_pro_702,"1/2"" THREADED"
sun_pro_703,SPLIT BOLT
sun_pro_704,"1"" ROMEX CONNECTOR"
sun_pro_705,"3/4"" ROMEX CONNECTOR"
sun_pro_706,"1/2"" ROMEX CONNECTOR"
sun_pro_707,"3/4"" 2 SCREW CONNECTORS"
sun_pro_708,"1/2"" BLACK CONNECTOR"
sun_pro_709,"3/4"" BLACK CONNECTOR"
sun_pro_710,ROOF FELT (ROLL)
sun_pro_711,SF RAIL WEEB CLIPS
sun_pro_712,SF RAIL GROUND CLIPS
sun_pro_713,WEEB CLIP
sun_pro_714,ACPB WEEB CLIP
sun_pro_715,ACPB TOP CLIP
sun_pro_716,2 WIRE PANEL CLIP
sun_pro_717,1 WIRE PANEL CLIP
sun_pro_718,ENPHASE TRUNK WIRE CLIP
sun_pro_719,"5/16"" X 1 HEX BOLT"
sun_pro_720,LONG SILVER CAP RAIL
sun_pro_721,"FULL C CHANNEL 2"""
sun_pro_722,"SHORT C CHANNEL 2"""
sun_pro_723,"1-1/2"" FAT TUBE FULL"
sun_pro_724,"1-1/2"" FART TUBE >5'"
sun_pro_725,"1"" C CHANNEL 11'"
sun_pro_726,"1-1/2"" FART TUBE <5'"
sun_pro_727,LONG BLACK CAP RAIL
sun_pro_728,"2"" FART TUBE FULL"
sun_pro_729,"2"" FART TUBE >5'"
sun_pro_730,"2"" FART TUBE <5'"
sun_pro_731,"1"" PVC 90"
sun_pro_732,"3/4"" PVC 45"
sun_pro_733,"1-1/2"" PVC 45"
sun_pro_734,"1-1/2"" PVC 80"
sun_pro_735,"2"" PVC GRAY"
sun_pro_736,"3/4"" PVC GRAY"
sun_pro_737,"1"" PVC S40"
sun_pro_738,"1"" PVC 580"
sun_pro_739,"3/4"" PVC 580"
sun_pro_740,"1/2"" PVC SWD"
sun_pro_741,"1/2"" PVC 580"
sun_pro_742,"1"" PVC 540"
sun_pro_743,"3/4"" PVC 540"
sun_pro_744,"1"" PVC FULL"
sun_pro_745,Tilt Kit Aluminum Rods 3'
sun_pro_746,Tilt Kit Aluminum Rods 4'
sun_pro_747,"1""x 6-8' Copper Pipe"
sun_pro_748,"1"" RAINTIGHT COUPLINGS"
sun_pro_749,"1"" NIPPLE CONNECTOR"
sun_pro_750,"2"" CONDUIT HANGER"
sun_pro_751,"3"" STRUT STRAP"
sun_pro_752,"1"" INDOOR SET SCREW CONNECTOR"
sun_pro_753,"1-1/4"" STRUT STRAP"
sun_pro_754,"1"" EMT LIQUID TIGHT CONNECTOR"
sun_pro_755,"1"" 90 TELEPHONE METALLIC LONG"
sun_pro_756,"1"" 90 TELEPHONE METALLIC SHORT"
sun_pro_757,"1-1/4"" CONDUIT HANGER"
sun_pro_758,"1-1/2"" GROUND BUSHING"
sun_pro_759,"1-1/4"" OFFSET NIPPLE"
sun_pro_760,"1-1/4"" 2 HOLE STRAP"
sun_pro_761,"2"" RAINTIGHT CONNECTOR"
sun_pro_762,"1-1/4"" PVC COUPLING"
sun_pro_763,"1-1/4"" FEMALE ADAPTER"
sun_pro_764,"1-1/4"" PVC CONNECTOR"
sun_pro_765,"1-1/4"" EMT CONNECTOR"
sun_pro_766,"2-1/4"" METALLIC COUPLING"
sun_pro_767,"1-1/4"" EMT TO LIQUID TIGHT"
sun_pro_768,"1-1/4"" LR"
sun_pro_769,"1"" CONNECTOR"
sun_pro_770,"2"" RAINTIGHT COUPLING"
sun_pro_771,"1-1/4"" LL"
sun_pro_772,"2"" POWER STRUT"
sun_pro_773,"1-1/4"" 1 HOLE STRAP"
sun_pro_774,"1-1/2"" METALLIC COUPLING NIPPLE"
sun_pro_775,"1-1/2"" LIQUID TIGHT"
sun_pro_776,1-1/4 STRUT STRAP
sun_pro_777,"3"" RAINTIGHT COUPLING"
sun_pro_778,"1"" 2 HOLE STRAP"
sun_pro_779,"2"" BOLT-ON HUB"
sun_pro_780,"1"" BOLT-ON HUB"
sun_pro_781,"1-1/4"" BOLT-ON HUB"
sun_pro_782,BREAKER - 40 A 1 POLE
sun_pro_783,BREAKER - 15/20 A 1 POLE
sun_pro_784,"1-1/4"" POWER STRUT"
sun_pro_785,"1-1/2"" OFFSET NIPPLE"
sun_pro_786,"1-1/4"" CONDUIT LOCK HURTS"
sun_pro_787,"1-1/4"" FLEX CONDUIT CONNECTOR"
sun_pro_788,"1/2"" EMT CONDUIT HANGER"
sun_pro_789,"3/4"" EMT HW CONDUIT HANGER"
sun_pro_790,"1/4"" EMT HW CONDUIT HANGER"
sun_pro_791,THREADED HUB
sun_pro_792,"3"" RIGID NIPPLE"
sun_pro_793,30 OFFSET BEND
sun_pro_794,"1-1/2"" EMT CONNECTOR"
sun_pro_795,"1-1/2"" COUPLING"
sun_pro_796,"1-1/2"" RIGID"
sun_pro_797,"1-1/2"" NIPPLE"
sun_pro_798,"1-1/2"" CONDUIT HANGER"
sun_pro_799,"1-1/2"" THREADED HUB"
sun_pro_800,"3"" CONDUIT CONNECTOR"
sun_pro_801,"3"" CONDUIT HANGER"
sun_pro_802,"3"" THREADED HUB"
sun_pro_803,2 SCREW COUPLING
sun_pro_804,"3/4"" EMT COUPLING"
sun_pro_805,"1"" RAINTIGHT CONNECTOR"
sun_pro_806,"3/4"" MALE CONNECTOR"
sun_pro_807,"3/4"" 2 HOLE PVC HW STRAP"
sun_pro_808,"1/2"" 1 HOLE EMT STRAP"
sun_pro_809,"3/4"" EMT TO FLEX CONNECTOR"
sun_pro_810,"3/4"" 90 TELEPHONE"
sun_pro_811,"1-1/2"" X 3/4"" CLOSE NIPPLE"
sun_pro_812,"3/4"" X 2"" OPEN NIPPLE"
sun_pro_813,"3/4"" PVC COUPLING"
sun_pro_814,"3/4"" TELEPHONE 90"
sun_pro_815,"3/4"" 90 ELBOW METTALIC"
sun_pro_816,"3/4"" PVC 90"
sun_pro_817,"3/4"" EMT SHORT LB"
sun_pro_818,"3/4"" EMT LB"
sun_pro_819,"3/4"" EMT LL"
sun_pro_820,"1"" EMT LB"
sun_pro_821,"1"" EMT LR"
sun_pro_822,"1"" OFFSET CONDUIT NIPPLE"
sun_pro_823,"1"" RAINTIGHT EMT CONNECTOR"
sun_pro_824,"1"" RT COUPLER"
sun_pro_825,"1"" 1 HOLE STRAP"
sun_pro_826,J NAIL
sun_pro_827,"1"" INDOOR COUPLING"
sun_pro_828,"1"" EMT TO FLEX CONNECTOR"
sun_pro_829,"1"" LOCK WASHER"
sun_pro_830,"1"" FLEX TO FLEX CONNECTOR"
sun_pro_831,"2"" 90 STREET ELBOW"
sun_pro_832,"2"" X 2.25"" ELBOW"
sun_pro_833,"2"" COUPLER PVC"
sun_pro_834,"2"" 90 ELBOW"
sun_pro_835,"2"" METAL COUPLING"
sun_pro_836,"1-1/2"" 45 STREET ELBOW"
sun_pro_837,"1-1/2"" X 2.25"" STREET ELBOW"
sun_pro_838,"1-1/2"" X 2.25"" ELBOW"
sun_pro_839,"1"" EMT COUPLING"
sun_pro_840,"1"" TRANSITION EMT/FMC COUPLING"
sun_pro_841,"1"" THREADED HUB"
sun_pro_842,"1"" FLEX CONDUIT CONNECTOR"
sun_pro_843,"3/4"" WEATHER TELEPHONE 90"
sun_pro_844,"3/4"" STRAIGHT PVC LIQUID TIGHT CONNECTOR"
sun_pro_845,LIQUID TIGHT CORD
sun_pro_846,"1"" STRAIGHT STRAIN RELIEF CORD"
sun_pro_847,"1"" LIQUID TIGHT STRAIGHT FITTING"
sun_pro_848,"1-1/4"" RAINTIGHT EMT COUPLING"
sun_pro_849,"1-1/4"" RAINTIGHT EMT CONNECTOR"
sun_pro_850,"1-1/4"" PIPE STRAP EMT 1 HOLE"
sun_pro_851,"1-1/4"" FLEX CONDUIT CONNECTOR"
sun_pro_852,"1-1/4"" CONDUIT BODY WITH COVER LB"
sun_pro_853,"1-1/2"" X 4 NIPPLE METALLIC"
sun_pro_854,"1-3/4"" X 4 NIPPLE METALLIC"
sun_pro_855,"1-1/4"" EMT COUPLING"
sun_pro_856,"2"" X 2"" RUBBER COUPLING"
sun_pro_857,"1"" EMT CONDUIT HANGER"
sun_pro_858,"3/4"" EMT CONDUIT HANGER"
sun_pro_859,"1-1/2"" EMT CONDUIT HANGER"
sun_pro_860,"1-1/2"" X 1-1/2"" RUBBER COUPLING"
sun_pro_861,"3/4"" RAINTIGHT EMT COUPLING"
sun_pro_862,"3/4"" LOCK NUT"
sun_pro_863,"3/4"" EMT CONNECTOR NIPPLE"
sun_pro_864,"3/4"" PVC 2 HOLE STRA["
sun_pro_865,"3/4"" EMT PVC 2 HOLE"
sun_pro_866,"3/4"" STRUT STRAP"
sun_pro_867,"3/4"" PLASTIC PUSH IN CONNECTOR"
sun_pro_868,"3/4"" 1 HOLE EMT STRAP"
sun_pro_869,"3/4"" 1 HOLE PVC STRAP"
sun_pro_870,"3/4"" EMT INDOOR COUPLER"
sun_pro_871,"3/4"" RAINTIGHT EMT CONNECTOR"
sun_pro_872,WHITE ELECTRICAL TAPE
sun_pro_873,GREEN ELECTRICAL TAPE
sun_pro_874,RED ELECTRICAL TAPE
sun_pro_875,BLACK ELECTRICAL TAPE
sun_pro_876,BLUE ELECTRICAL TAPE
sun_pro_877,GRAY ELECTRICAL TAPE
sun_pro_878,PURPLE PRIMER (CAN)
sun_pro_879,RED HOT BLUE GLUE (16 FL OZ)
sun_pro_880,RED HOT BLUE GLUE (8 FL OZ)
sun_pro_881,790 MULTI PURPOSE PIPE CEMENT (8 FL OZ)
sun_pro_882,ABS CEMENT (16 FL OZ)
sun_pro_883,BLUE HOT PVC CEMENT (32 FL OZ)
sun_pro_884,773 ABS BLACK (8 FL OZ)
sun_pro_885,PVC CEMENT (16 FL OZ)
sun_pro_886,PIPE JOINT COMPOUND (8 FL OZ)
sun_pro_887,RED HOT BLUE GLUE (32 FL OZ)
sun_pro_888,PURPLE POOL PRIMER (32 FL OZ)
sun_pro_889,773 ABS (16 FL OZ)
sun_pro_890,"1-1/2"" PIPE STRAP 2 HOLE"
sun_pro_891,"2"" PIPE STRAP 2 HOLE"
sun_pro_892,"1-1/2"" ABS SAN TEE"
sun_pro_893,"2-1/2"" PIPE STRAP 2 HOLE"
sun_pro_894,"1-1/2"" ABS 45 ELBOW PVC PIPE"
sun_pro_895,"1-1/2"" ABS 90 ELBOW PVC PIPE"
sun_pro_896,"2"" ABS SANITARY TAPE"
sun_pro_897,"2"" ABS 45 ELBOW"
sun_pro_898,"2"" ABS 90 VENT ELBOW"
sun_pro_899,"2"" ABS 22.5 ELBOW"
sun_pro_900,"2"" ABS SAN TEE TO 45 ELBOW"
sun_pro_901,"1-1/2"" ABS SAN TEE TO 45 ELBOW"
sun_pro_902,"1-1/2"" ABS SAN TEE TO STRAIGHT 90"
sun_pro_903,"1-1/2"" PVC COUPLER"
